sp,sp_beast,pop1 ,pop2,distance,fst,same island,endemic1,radiation1,category
anochetus_graeffei,Anochetus.graeffei_EGP0091H05_Fiji,TA,VN,28.81,0.012430809,0,2,3,widespread pacific native
anochetus_graeffei,Anochetus.graeffei_EGP0091H05_Fiji,KR,VN,69.26,0.019025266,0,2,3,widespread pacific native
anochetus_graeffei,Anochetus.graeffei_EGP0091H05_Fiji,KR,TA,70.88,0.009612152,0,2,3,widespread pacific native
anochetus_graeffei,Anochetus.graeffei_EGP0091H05_Fiji,KV,VL,167.29,0.030060607,0,2,3,widespread pacific native
anochetus_graeffei,Anochetus.graeffei_EGP0091H05_Fiji,KR,VL,200.95,0.018379384,0,2,3,widespread pacific native
anochetus_graeffei,Anochetus.graeffei_EGP0091H05_Fiji,KR,KV,239.88,0.040814831,0,2,3,widespread pacific native
anochetus_graeffei,Anochetus.graeffei_EGP0091H05_Fiji,VL,VN,247.87,0.021912746,0,2,3,widespread pacific native
anochetus_graeffei,Anochetus.graeffei_EGP0091H05_Fiji,TA,VL,264.26,0.030096072,0,2,3,widespread pacific native
anochetus_graeffei,Anochetus.graeffei_EGP0091H05_Fiji,KV,VN,308.2,0.059135612,0,2,3,widespread pacific native
anochetus_graeffei,Anochetus.graeffei_EGP0091H05_Fiji,KV,TA,309.37,0.035867804,0,2,3,widespread pacific native
anoplolepis_gracilipes,Anoplolepis.gracilipes_EGP0102E11_Fiji,MC,YS,81.74435593,0.015027689,0,3,4,Exotic
anoplolepis_gracilipes,Anoplolepis.gracilipes_EGP0102E11_Fiji,KV,VL,95.7378231,0.00724887,0,3,4,Exotic
anoplolepis_gracilipes,Anoplolepis.gracilipes_EGP0102E11_Fiji,MC,VL,95.75764508,0.000405854,0,3,4,Exotic
anoplolepis_gracilipes,Anoplolepis.gracilipes_EGP0102E11_Fiji,MC,VN,118.579457,0.00440338,0,3,4,Exotic
anoplolepis_gracilipes,Anoplolepis.gracilipes_EGP0102E11_Fiji,VL,YS,161.9194719,0.008920735,0,3,4,Exotic
anoplolepis_gracilipes,Anoplolepis.gracilipes_EGP0102E11_Fiji,VN,YS,162.2950372,0.012023214,0,3,4,Exotic
anoplolepis_gracilipes,Anoplolepis.gracilipes_EGP0102E11_Fiji,VL,VN,187.5661502,0.033552766,0,3,4,Exotic
anoplolepis_gracilipes,Anoplolepis.gracilipes_EGP0102E11_Fiji,KV,MC,191.0331883,0.029383053,0,3,4,Exotic
anoplolepis_gracilipes,Anoplolepis.gracilipes_EGP0102E11_Fiji,KV,ML,193.8664257,0.019736286,0,3,4,Exotic
anoplolepis_gracilipes,Anoplolepis.gracilipes_EGP0102E11_Fiji,ML,VL,201.5583703,0.026583525,0,3,4,Exotic
anoplolepis_gracilipes,Anoplolepis.gracilipes_EGP0102E11_Fiji,ML,VN,217.7401536,0.038712134,0,3,4,Exotic
anoplolepis_gracilipes,Anoplolepis.gracilipes_EGP0102E11_Fiji,MC,ML,238.3445232,0.019941999,0,3,4,Exotic
anoplolepis_gracilipes,Anoplolepis.gracilipes_EGP0102E11_Fiji,KV,YS,255.7947168,0.015285308,0,3,4,Exotic
anoplolepis_gracilipes,Anoplolepis.gracilipes_EGP0102E11_Fiji,KV,VN,267.6957629,0.051619956,0,3,4,Exotic
anoplolepis_gracilipes,Anoplolepis.gracilipes_EGP0102E11_Fiji,ML,YS,319.5348331,0.011135123,0,3,4,Exotic
camponutus_chloroticus,Camponotus.chloroticus_EGP0071D10_Fiji,LK,VL,42.43808173,0.032017917,0,2,3,widespread pacific native
cardiocondyla_minutior,Cardiocondyla.minutior_EGP0031F09_Fiji,VL,YS,54.89105744,0.081309873,0,3,4,Exotic
cardiocondyla_minutior,Cardiocondyla.minutior_EGP0031F09_Fiji,KR,VL,202.7037246,0.081485412,0,3,4,Exotic
cardiocondyla_minutior,Cardiocondyla.minutior_EGP0031F09_Fiji,KR,YS,240.6967535,0.081909873,0,3,4,Exotic
cardiocondyla_obscurior,Cardiocondyla.obscurior_EGP0031G08_Fiji,MC,VL,20.14642476,0.0117832,0,3,4,Exotic
cardiocondyla_obscurior,Cardiocondyla.obscurior_EGP0031G08_Fiji,BQ,KV,74.54600124,0.012326623,0,3,4,Exotic
cardiocondyla_obscurior,Cardiocondyla.obscurior_EGP0031G08_Fiji,BQ,MC,116.8005536,0.070315319,0,3,4,Exotic
cardiocondyla_obscurior,Cardiocondyla.obscurior_EGP0031G08_Fiji,BQ,VL,118.1505941,0.011460514,0,3,4,Exotic
cardiocondyla_obscurior,Cardiocondyla.obscurior_EGP0031G08_Fiji,VL,VN,123.3104773,0.0101237,0,3,4,Exotic
cardiocondyla_obscurior,Cardiocondyla.obscurior_EGP0031G08_Fiji,MC,VN,138.9382895,0.0093171,0,3,4,Exotic
cardiocondyla_obscurior,Cardiocondyla.obscurior_EGP0031G08_Fiji,KV,MC,191.0331883,0.027489005,0,3,4,Exotic
cardiocondyla_obscurior,Cardiocondyla.obscurior_EGP0031G08_Fiji,KV,VL,192.6300604,0.023942269,0,3,4,Exotic
cardiocondyla_obscurior,Cardiocondyla.obscurior_EGP0031G08_Fiji,BQ,VN,227.4275612,0.103081828,0,3,4,Exotic
cardiocondyla_obscurior,Cardiocondyla.obscurior_EGP0031G08_Fiji,KV,VN,297.4118739,0.010730601,0,3,4,Exotic
carebara_atoma,Carebara.atoma_EGP0031H09_Fiji,GA,LA,56.44907631,0.059202308,0,2,3,widespread pacific native
carebara_atoma,Carebara.atoma_EGP0031H09_Fiji,KR,LA,75.9095162,0.065044687,0,2,3,widespread pacific native
carebara_atoma,Carebara.atoma_EGP0031H09_Fiji,GA,KR,76.23266074,0.006123973,0,2,3,widespread pacific native
carebara_atoma,Carebara.atoma_EGP0031H09_Fiji,KR,VN,82.96597033,0.035344161,0,2,3,widespread pacific native
carebara_atoma,Carebara.atoma_EGP0031H09_Fiji,BQ,LA,109.9143972,0.05451682,0,2,3,widespread pacific native
carebara_atoma,Carebara.atoma_EGP0031H09_Fiji,BQ,GA,131.5775141,0.007784691,0,2,3,widespread pacific native
carebara_atoma,Carebara.atoma_EGP0031H09_Fiji,LA,VN,136.7723365,0.02124423,0,2,3,widespread pacific native
carebara_atoma,Carebara.atoma_EGP0031H09_Fiji,GA,VN,157.3115762,0.042674756,0,2,3,widespread pacific native
carebara_atoma,Carebara.atoma_EGP0031H09_Fiji,BQ,KR,184.8422876,0.010251576,0,2,3,widespread pacific native
carebara_atoma,Carebara.atoma_EGP0031H09_Fiji,BQ,VN,242.9318701,0.031318269,0,2,3,widespread pacific native
colobopsis_bryani,Colobopsis.bryani_clade_EGP0136A07_Fiji,GA,VL,91.06528397,0.036138,0,1,1,endemic
colobopsis_bryani,Colobopsis.bryani_clade_EGP0136A07_Fiji,GA,VN,132.3817267,0.044671844,0,1,1,endemic
colobopsis_bryani,Colobopsis.bryani_clade_EGP0136A07_Fiji,VL,VN,150.2856494,0.24849334,0,1,1,endemic
colobopsis_cristata,Colobopsis.cristata_clade_EGP0080B07_Fiji,TA,VN,103.7803741,0.10717684,0,1,1,endemic
colobopsis_cristata,Colobopsis.cristata_clade_EGP0080B07_Fiji,KV,VL,167.6339714,0.11134683,0,1,1,endemic
colobopsis_cristata,Colobopsis.cristata_clade_EGP0080B07_Fiji,VL,VN,181.0789026,0.128679885,0,1,1,endemic
colobopsis_cristata,Colobopsis.cristata_clade_EGP0080B07_Fiji,KV,VN,267.4357388,0.219043613,0,1,1,endemic
colobopsis_cristata,Colobopsis.cristata_clade_EGP0080B07_Fiji,TA,VL,273.1676683,0.279043613,0,1,1,endemic
colobopsis_cristata,Colobopsis.cristata_clade_EGP0080B07_Fiji,KV,TA,314.7849263,0.283925036,0,1,1,endemic
colobopsis_dentata-c1,Colobopsis.dentata_c1_EGP0070H11_Fiji,KV,VL,117.4676393,0.166470603,0,1,1,endemic
colobopsis_lamilata-c3,Colobopsis.laminata_c3_EGP0073G08_Fiji,KV,VL,125.6838186,0.151567622,0,1,1,endemic
colobopsis_lamilata-c3,Colobopsis.laminata_c3_EGP0073G08_Fiji,KR,VL,133.3262141,0.173392432,0,1,1,endemic
colobopsis_lamilata-c3,Colobopsis.laminata_c3_EGP0073G08_Fiji,KR,KV,251.4832685,0.19208717,0,1,1,endemic
colobopsis_polynesica-c1,Colobopsis.polynesica_c1_EGP0071G01_Fiji,KV,VN,291.5711275,0.252473885,0,1,1,endemic
colobopsis_polynesica-c3,Colobopsis.polynesica_c3_EGP0060D10_Fiji,LK,ML,122.7523084,0.174070402,0,1,1,endemic
colobopsis_polynesica-c3,Colobopsis.polynesica_c3_EGP0060D10_Fiji,KV,LK,129.6894537,0.101639425,0,1,1,endemic
colobopsis_polynesica-c3,Colobopsis.polynesica_c3_EGP0060D10_Fiji,LK,VL,144.1380766,0.127327802,0,1,1,endemic
colobopsis_polynesica-c3,Colobopsis.polynesica_c3_EGP0060D10_Fiji,KV,VL,167.1473189,0.128329707,0,1,1,endemic
colobopsis_polynesica-c3,Colobopsis.polynesica_c3_EGP0060D10_Fiji,LK,VN,173.4763367,0.149380804,0,1,1,endemic
colobopsis_polynesica-c3,Colobopsis.polynesica_c3_EGP0060D10_Fiji,VL,VN,189.9997411,0.158601854,0,1,1,endemic
colobopsis_polynesica-c3,Colobopsis.polynesica_c3_EGP0060D10_Fiji,KV,ML,208.1384229,0.192547469,0,1,1,endemic
colobopsis_polynesica-c3,Colobopsis.polynesica_c3_EGP0060D10_Fiji,ML,VN,230.9743166,0.234821357,0,1,1,endemic
colobopsis_polynesica-c3,Colobopsis.polynesica_c3_EGP0060D10_Fiji,ML,VL,266.5165941,0.26357096,0,1,1,endemic
colobopsis_polynesica-c3,Colobopsis.polynesica_c3_EGP0060D10_Fiji,KV,VN,291.5711275,0.289808756,0,1,1,endemic
colobopsis_polynesica-c4,Colobopsis.polynesica_c4_EGP0060F07_Fiji,GA,KR,76.91950037,0.195164118,0,1,1,endemic
colobopsis_polynesica-c4,Colobopsis.polynesica_c4_EGP0060F07_Fiji,KR,TA,77.14492001,0.203014626,0,1,1,endemic
colobopsis_polynesica-c4,Colobopsis.polynesica_c4_EGP0060F07_Fiji,GA,TA,144.6807807,0.221438444,0,1,1,endemic
colobopsis_polynesica-c4,Colobopsis.polynesica_c4_EGP0060F07_Fiji,GA,VL,185.4446775,0.230461786,0,1,1,endemic
colobopsis_polynesica-c4,Colobopsis.polynesica_c4_EGP0060F07_Fiji,KR,VL,200.8061218,0.264632136,0,1,1,endemic
colobopsis_polynesica-c4,Colobopsis.polynesica_c4_EGP0060F07_Fiji,TA,VL,271.6957356,0.285220421,0,1,1,endemic
colobopsis_vitiensis,Colobopsis.vitiensis_EGP0060A03_Fiji,KR,TA,77.14492001,0.131045893,0,1,1,endemic
colobopsis_vitiensis,Colobopsis.vitiensis_EGP0060A03_Fiji,GA,KR,77.75384193,0.167167306,0,1,1,endemic
colobopsis_vitiensis,Colobopsis.vitiensis_EGP0060A03_Fiji,GA,VL,91.19394111,0.17332203,0,1,1,endemic
colobopsis_vitiensis,Colobopsis.vitiensis_EGP0060A03_Fiji,KR,VL,134.3270242,0.190990233,0,1,1,endemic
colobopsis_vitiensis,Colobopsis.vitiensis_EGP0060A03_Fiji,GA,TA,145.3386224,0.19381629,0,1,1,endemic
colobopsis_vitiensis,Colobopsis.vitiensis_EGP0060A03_Fiji,TA,VL,211.4700899,0.197950091,0,1,1,endemic
Colobopsis.schmeltzi,Colobopsis.schmeltzi_clade_EGP0137A05_Fiji,VL1,VL2,67.96731506,0.0434563,1,1,1,endemic
Colobopsis.schmeltzi,Colobopsis.schmeltzi_clade_EGP0137A05_Fiji,GA,VL1,88.62114262,0.05432596,0,1,1,endemic
Colobopsis.schmeltzi,Colobopsis.schmeltzi_clade_EGP0137A05_Fiji,GA,VL2,140.4815224,0.1249685,0,1,1,endemic
Colobopsis.schmeltzi,Colobopsis.schmeltzi_clade_EGP0137A05_Fiji,GA,VN,145.8000576,0.1164463,0,1,1,endemic
Colobopsis.schmeltzi,Colobopsis.schmeltzi_clade_EGP0137A05_Fiji,VL1,VN,197.8262581,0.16232564,0,1,1,endemic
Colobopsis.schmeltzi,Colobopsis.schmeltzi_clade_EGP0137A05_Fiji,VL2,VN,202.6649,0.164345335,0,1,1,endemic
gnamptogenys_aterrima-female,Gnamptogenys.aterrima_EGP0070D10_Fiji,GA,KR,75.53934666,0.040671699,0,1,2,endemic
gnamptogenys_aterrima-female,Gnamptogenys.aterrima_EGP0070D10_Fiji,KR,VN,81.5156122,0.006929516,0,1,2,endemic
gnamptogenys_aterrima-female,Gnamptogenys.aterrima_EGP0070D10_Fiji,GA,ML,95.76068556,0.010710804,0,1,2,endemic
gnamptogenys_aterrima-female,Gnamptogenys.aterrima_EGP0070D10_Fiji,GA,VN,146.9418131,0.011520842,0,1,2,endemic
gnamptogenys_aterrima-female,Gnamptogenys.aterrima_EGP0070D10_Fiji,KR,ML,152.7832472,0.019319515,0,1,2,endemic
gnamptogenys_aterrima-female,Gnamptogenys.aterrima_EGP0070D10_Fiji,KV,VL,167.2932153,0.019427653,0,1,2,endemic
gnamptogenys_aterrima-female,Gnamptogenys.aterrima_EGP0070D10_Fiji,GA,KV,172.5061041,0.033645113,0,1,2,endemic
gnamptogenys_aterrima-female,Gnamptogenys.aterrima_EGP0070D10_Fiji,GA,VL,185.3286475,0.056168218,0,1,2,endemic
gnamptogenys_aterrima-female,Gnamptogenys.aterrima_EGP0070D10_Fiji,VL,VN,189.9997411,0.09738035,0,1,2,endemic
gnamptogenys_aterrima-female,Gnamptogenys.aterrima_EGP0070D10_Fiji,KV,ML,194.9598723,0.107752762,0,1,2,endemic
gnamptogenys_aterrima-female,Gnamptogenys.aterrima_EGP0070D10_Fiji,KR,VL,200.3212062,0.109551885,0,1,2,endemic
gnamptogenys_aterrima-female,Gnamptogenys.aterrima_EGP0070D10_Fiji,ML,VN,233.3502422,0.11458855,0,1,2,endemic
gnamptogenys_aterrima-female,Gnamptogenys.aterrima_EGP0070D10_Fiji,KR,KV,238.7721244,0.12130298,0,1,2,endemic
gnamptogenys_aterrima-female,Gnamptogenys.aterrima_EGP0070D10_Fiji,ML,VL,268.7746371,0.150152835,0,1,2,endemic
gnamptogenys_aterrima-female,Gnamptogenys.aterrima_EGP0070D10_Fiji,KV,VN,282.6388903,0.181415771,0,1,2,endemic
gnamptogenys_aterrima-male,Gnamptogenys.aterrima_EGP0070D10_Fiji,GA,KR,75.53934666,0.01395382,0,1,2,endemic
gnamptogenys_aterrima-male,Gnamptogenys.aterrima_EGP0070D10_Fiji,KR,TA,78.15270236,0.056870272,0,1,2,endemic
gnamptogenys_aterrima-male,Gnamptogenys.aterrima_EGP0070D10_Fiji,KR,VN,81.5156122,0.108962102,0,1,2,endemic
gnamptogenys_aterrima-male,Gnamptogenys.aterrima_EGP0070D10_Fiji,TA,VN,103.5410407,0.13698474,0,1,2,endemic
gnamptogenys_aterrima-male,Gnamptogenys.aterrima_EGP0070D10_Fiji,GA,TA,144.6771646,0.147475348,0,1,2,endemic
gnamptogenys_aterrima-male,Gnamptogenys.aterrima_EGP0070D10_Fiji,GA,VN,146.9418131,0.152341845,0,1,2,endemic
gnamptogenys_aterrima-male,Gnamptogenys.aterrima_EGP0070D10_Fiji,KV,VL,167.2932153,0.168159298,0,1,2,endemic
gnamptogenys_aterrima-male,Gnamptogenys.aterrima_EGP0070D10_Fiji,GA,KV,172.5061041,0.171761358,0,1,2,endemic
gnamptogenys_aterrima-male,Gnamptogenys.aterrima_EGP0070D10_Fiji,GA,VL,185.3286475,0.191759841,0,1,2,endemic
gnamptogenys_aterrima-male,Gnamptogenys.aterrima_EGP0070D10_Fiji,VL,VN,189.9997411,0.292469048,0,1,2,endemic
gnamptogenys_aterrima-male,Gnamptogenys.aterrima_EGP0070D10_Fiji,KR,VL,200.3212062,0.304798422,0,1,2,endemic
gnamptogenys_aterrima-male,Gnamptogenys.aterrima_EGP0070D10_Fiji,KR,KV,238.7721244,0.315026074,0,1,2,endemic
gnamptogenys_aterrima-male,Gnamptogenys.aterrima_EGP0070D10_Fiji,TA,VL,271.6957356,0.391036477,0,1,2,endemic
gnamptogenys_aterrima-male,Gnamptogenys.aterrima_EGP0070D10_Fiji,KV,VN,282.6388903,0.391159928,0,1,2,endemic
gnamptogenys_aterrima-male,Gnamptogenys.aterrima_EGP0070D10_Fiji,KV,TA,314.7849263,0.455113134,0,1,2,endemic
Hypoponera_eutrepta,Hypoponera.eutrepta_EGP0093B09_Fiji,KR,VN,75.74806945,0.01812024,0,1,2,endemic
Hypoponera_eutrepta,Hypoponera.eutrepta_EGP0093B09_Fiji,GA,KR,76.8731319,0.04826823,0,1,2,endemic
Hypoponera_eutrepta,Hypoponera.eutrepta_EGP0093B09_Fiji,KR,TA,77.14492001,0.07213519,0,1,2,endemic
Hypoponera_eutrepta,Hypoponera.eutrepta_EGP0093B09_Fiji,TA,VN,83.60299661,0.1134249,0,1,2,endemic
Hypoponera_eutrepta,Hypoponera.eutrepta_EGP0093B09_Fiji,GA,TA,144.6771646,0.134451619,0,1,2,endemic
Hypoponera_eutrepta,Hypoponera.eutrepta_EGP0093B09_Fiji,GA,VN,148.6562634,0.14803529,0,1,2,endemic
Hypoponera_eutrepta,Hypoponera.eutrepta_EGP0093B09_Fiji,GA,VL,185.3286475,0.19534564,0,1,2,endemic
Hypoponera_eutrepta,Hypoponera.eutrepta_EGP0093B09_Fiji,KR,VL,200.8061218,0.20557305,0,1,2,endemic
Hypoponera_eutrepta,Hypoponera.eutrepta_EGP0093B09_Fiji,VL,VN,210.1948786,0.27492989,0,1,2,endemic
Hypoponera_eutrepta,Hypoponera.eutrepta_EGP0093B09_Fiji,TA,VL,271.6957356,0.29693801,0,1,2,endemic
Hypoponera.monticola,Hypoponera.monticola_EGP0094C04_Fiji,VL1,VL2,52.47284612,0.029974147,1,1,1,endemic
Hypoponera.monticola,Hypoponera.monticola_EGP0094C04_Fiji,GA,KR,76.23266074,0.027448485,0,1,1,endemic
Hypoponera.monticola,Hypoponera.monticola_EGP0094C04_Fiji,KR,VN,81.34636905,0.133798348,0,1,1,endemic
Hypoponera.monticola,Hypoponera.monticola_EGP0094C04_Fiji,GA,ML,95.76068556,0.14189193,0,1,1,endemic
Hypoponera.monticola,Hypoponera.monticola_EGP0094C04_Fiji,GA,VL2,136.1891147,0.14379535,0,1,1,endemic
Hypoponera.monticola,Hypoponera.monticola_EGP0094C04_Fiji,VL2,VN,146.1118626,0.14437923,0,1,1,endemic
Hypoponera.monticola,Hypoponera.monticola_EGP0094C04_Fiji,GA,VN,146.9418131,0.155419712,0,1,1,endemic
Hypoponera.monticola,Hypoponera.monticola_EGP0094C04_Fiji,KR,VL2,148.84484,0.15644564,0,1,1,endemic
Hypoponera.monticola,Hypoponera.monticola_EGP0094C04_Fiji,KR,ML,153.1154361,0.158385244,0,1,1,endemic
Hypoponera.monticola,Hypoponera.monticola_EGP0094C04_Fiji,GA,VL1,185.3286475,0.16439563,0,1,1,endemic
Hypoponera.monticola,Hypoponera.monticola_EGP0094C04_Fiji,VL1,VN,189.9997411,0.167859646,0,1,1,endemic
Hypoponera.monticola,Hypoponera.monticola_EGP0094C04_Fiji,KR,VL1,201.0673427,0.174453653,0,1,1,endemic
Hypoponera.monticola,Hypoponera.monticola_EGP0094C04_Fiji,ML,VL2,224.6233237,0.228673619,0,1,1,endemic
Hypoponera.monticola,Hypoponera.monticola_EGP0094C04_Fiji,ML,VN,233.3502422,0.238229333,0,1,1,endemic
Hypoponera.monticola,Hypoponera.monticola_EGP0094C04_Fiji,ML,VL1,268.7746371,0.242521328,0,1,1,endemic
iridomyrmex_anceps,Iridomyrmex.anceps_EGP0068B09_Fiji,VL,YS,83.28575576,0.010196334,0,2,3,widespread pacific native
leptogenys_fje02,Leptogenys.FJE02_EGP0095E10_Fiji,GA,VN,133.7499986,0.253138298,0,1,1,endemic
leptogenys_fje02,Leptogenys.FJE02_EGP0095E10_Fiji,VN,YS,162.2950372,0.36883998,0,1,1,endemic
leptogenys_fje02,Leptogenys.FJE02_EGP0095E10_Fiji,GA,YS,229.2981985,0.307826273,0,1,1,endemic
leptogenys_fjn01,Leptogenys.fjn01_EGP0095F08_Fiji,TA,VN,27.73574866,0.085433018,0,1,1,endemic
leptogenys_fjn02,Leptogenys.fjn02_EGP0095E11_Fiji,TA,VN,27.73574866,0.26532178,0,1,1,endemic
lordomyrma_striatella,Lordomyrma.striatella_EGP0032F01_Fiji,LA,VL,103.6781416,0.102136967,0,1,1,endemic
monomorium_floricola,Monomorium.floricola_EGP0033F05_Fiji,VL,YS,83.35971625,0.044049423,0,2,3,widespread pacific native
monomorium_floricola,Monomorium.floricola_EGP0033F05_Fiji,LK,VL,157.9079805,0.01239782,0,2,3,widespread pacific native
monomorium_floricola,Monomorium.floricola_EGP0033F05_Fiji,LK,YS,206.0507786,0.053480431,0,2,3,widespread pacific native
Nylanderia.vitiensis,Nylanderia.vitiensis_EGP0137D11_Fiji,VL1,VL2,67.39437139,0.074303598,1,1,2,endemic
Nylanderia.vitiensis,Nylanderia.vitiensis_EGP0137D11_Fiji,TA,VN,96.37130744,0.086124982,0,1,2,endemic
Nylanderia.vitiensis,Nylanderia.vitiensis_EGP0137D11_Fiji,KV,VL2,110.9238754,0.096827543,0,1,2,endemic
Nylanderia.vitiensis,Nylanderia.vitiensis_EGP0137D11_Fiji,GA,VL2,133.1173234,0.09961727,0,1,2,endemic
Nylanderia.vitiensis,Nylanderia.vitiensis_EGP0137D11_Fiji,GA,TA,139.9089632,0.11230453,0,1,2,endemic
Nylanderia.vitiensis,Nylanderia.vitiensis_EGP0137D11_Fiji,GA,VN,146.9418131,0.12420345,0,1,2,endemic
Nylanderia.vitiensis,Nylanderia.vitiensis_EGP0137D11_Fiji,KV,VL1,167.2932153,0.13630453,0,1,2,endemic
Nylanderia.vitiensis,Nylanderia.vitiensis_EGP0137D11_Fiji,GA,KV,172.5061041,0.164453687,0,1,2,endemic
Nylanderia.vitiensis,Nylanderia.vitiensis_EGP0137D11_Fiji,GA,VL1,185.3286475,0.178602554,0,1,2,endemic
Nylanderia.vitiensis,Nylanderia.vitiensis_EGP0137D11_Fiji,VL2,VN,188.1018816,0.189851471,0,1,2,endemic
Nylanderia.vitiensis,Nylanderia.vitiensis_EGP0137D11_Fiji,VL1,VN,189.9997411,0.20019394,0,1,2,endemic
Nylanderia.vitiensis,Nylanderia.vitiensis_EGP0137D11_Fiji,TA,VL2,240.4198696,0.23437563,0,1,2,endemic
Nylanderia.vitiensis,Nylanderia.vitiensis_EGP0137D11_Fiji,TA,VL1,264.160091,0.241103492,0,1,2,endemic
Nylanderia.vitiensis,Nylanderia.vitiensis_EGP0137D11_Fiji,KV,VN,282.6388903,0.254436889,0,1,2,endemic
Nylanderia.vitiensis,Nylanderia.vitiensis_EGP0137D11_Fiji,KV,TA,309.188231,0.346532887,0,1,2,endemic
odontomachus_angulatus,Odontomachus.angulatus_EGP0096C03_Fiji,KV,VL,167.3868359,0.016266158,0,1,2,endemic
odontomachus_simillimus,Odontomachus.simillimus_EGP0098D03_Fiji,GA,LK,58.56673485,0.055905404,0,2,3,widespread pacific native
odontomachus_simillimus,Odontomachus.simillimus_EGP0098D03_Fiji,MC,VL,61.6360973,0.068276151,0,2,3,widespread pacific native
odontomachus_simillimus,Odontomachus.simillimus_EGP0098D03_Fiji,KR,TA,70.75531151,0.042115223,0,2,3,widespread pacific native
odontomachus_simillimus,Odontomachus.simillimus_EGP0098D03_Fiji,BQ,LK,73.50691124,0.001507336,0,2,3,widespread pacific native
odontomachus_simillimus,Odontomachus.simillimus_EGP0098D03_Fiji,GA,KR,76.83532744,0.076496629,0,2,3,widespread pacific native
odontomachus_simillimus,Odontomachus.simillimus_EGP0098D03_Fiji,BQ,KV,77.83623915,0.065982475,0,2,3,widespread pacific native
odontomachus_simillimus,Odontomachus.simillimus_EGP0098D03_Fiji,KR,VN,80.67906445,0.019074473,0,2,3,widespread pacific native
odontomachus_simillimus,Odontomachus.simillimus_EGP0098D03_Fiji,GA,ML,93.59791879,0.051818317,0,2,3,widespread pacific native
odontomachus_simillimus,Odontomachus.simillimus_EGP0098D03_Fiji,TA,VN,96.68613387,0.084015117,0,2,3,widespread pacific native
odontomachus_simillimus,Odontomachus.simillimus_EGP0098D03_Fiji,BQ,VL,103.3733749,0.021584957,0,2,3,widespread pacific native
odontomachus_simillimus,Odontomachus.simillimus_EGP0098D03_Fiji,BQ,MC,119.0007184,0.025110591,0,2,3,widespread pacific native
odontomachus_simillimus,Odontomachus.simillimus_EGP0098D03_Fiji,KR,LK,122.3247292,0.037533159,0,2,3,widespread pacific native
odontomachus_simillimus,Odontomachus.simillimus_EGP0098D03_Fiji,LK,ML,123.9376477,0.050548626,0,2,3,widespread pacific native
odontomachus_simillimus,Odontomachus.simillimus_EGP0098D03_Fiji,LK,MC,124.7110316,0.113465053,0,2,3,widespread pacific native
odontomachus_simillimus,Odontomachus.simillimus_EGP0098D03_Fiji,MC,VN,128.3835948,0.111728157,0,2,3,widespread pacific native
odontomachus_simillimus,Odontomachus.simillimus_EGP0098D03_Fiji,KV,LK,129.7403451,0.039126133,0,2,3,widespread pacific native
odontomachus_simillimus,Odontomachus.simillimus_EGP0098D03_Fiji,BQ,GA,131.5775141,0.014449278,0,2,3,widespread pacific native
odontomachus_simillimus,Odontomachus.simillimus_EGP0098D03_Fiji,GA,TA,140.0488196,0.002375031,0,2,3,widespread pacific native
odontomachus_simillimus,Odontomachus.simillimus_EGP0098D03_Fiji,LK,VL,144.1100028,0.007235827,0,2,3,widespread pacific native
odontomachus_simillimus,Odontomachus.simillimus_EGP0098D03_Fiji,KR,MC,145.9171291,0.032996551,0,2,3,widespread pacific native
odontomachus_simillimus,Odontomachus.simillimus_EGP0098D03_Fiji,GA,VN,146.9418131,0.025440454,0,2,3,widespread pacific native
odontomachus_simillimus,Odontomachus.simillimus_EGP0098D03_Fiji,GA,MC,148.1812421,0.016026119,0,2,3,widespread pacific native
odontomachus_simillimus,Odontomachus.simillimus_EGP0098D03_Fiji,KR,ML,151.0129483,0.058082163,0,2,3,widespread pacific native
odontomachus_simillimus,Odontomachus.simillimus_EGP0098D03_Fiji,KV,VL,167.1473189,0.071779324,0,2,3,widespread pacific native
odontomachus_simillimus,Odontomachus.simillimus_EGP0098D03_Fiji,LK,VN,173.410549,0.00494804,0,2,3,widespread pacific native
odontomachus_simillimus,Odontomachus.simillimus_EGP0098D03_Fiji,BQ,KR,185.1310266,0.019537169,0,2,3,widespread pacific native
odontomachus_simillimus,Odontomachus.simillimus_EGP0098D03_Fiji,GA,VL,185.3286475,0.031986528,0,2,3,widespread pacific native
odontomachus_simillimus,Odontomachus.simillimus_EGP0098D03_Fiji,GA,KV,185.3480202,0.060897596,0,2,3,widespread pacific native
odontomachus_simillimus,Odontomachus.simillimus_EGP0098D03_Fiji,BQ,ML,188.2765963,0.02788473,0,2,3,widespread pacific native
odontomachus_simillimus,Odontomachus.simillimus_EGP0098D03_Fiji,ML,TA,189.6578825,0.001208361,0,2,3,widespread pacific native
odontomachus_simillimus,Odontomachus.simillimus_EGP0098D03_Fiji,VL,VN,189.9997411,0.040418248,0,2,3,widespread pacific native
odontomachus_simillimus,Odontomachus.simillimus_EGP0098D03_Fiji,LK,TA,191.5693709,0.021268139,0,2,3,widespread pacific native
odontomachus_simillimus,Odontomachus.simillimus_EGP0098D03_Fiji,KV,MC,195.282175,0.017072073,0,2,3,widespread pacific native
odontomachus_simillimus,Odontomachus.simillimus_EGP0098D03_Fiji,KR,VL,200.9973723,0.07045051,0,2,3,widespread pacific native
odontomachus_simillimus,Odontomachus.simillimus_EGP0098D03_Fiji,MC,TA,205.4058021,0.033159462,0,2,3,widespread pacific native
odontomachus_simillimus,Odontomachus.simillimus_EGP0098D03_Fiji,KV,ML,209.9702961,0.003935666,0,2,3,widespread pacific native
odontomachus_simillimus,Odontomachus.simillimus_EGP0098D03_Fiji,BQ,VN,215.8862508,0.043829203,0,2,3,widespread pacific native
odontomachus_simillimus,Odontomachus.simillimus_EGP0098D03_Fiji,ML,VN,230.6327453,0.079329416,0,2,3,widespread pacific native
odontomachus_simillimus,Odontomachus.simillimus_EGP0098D03_Fiji,MC,ML,239.0459997,0.038287842,0,2,3,widespread pacific native
odontomachus_simillimus,Odontomachus.simillimus_EGP0098D03_Fiji,KR,KV,251.5462768,0.047072773,0,2,3,widespread pacific native
odontomachus_simillimus,Odontomachus.simillimus_EGP0098D03_Fiji,BQ,TA,255.8856113,0.097678675,0,2,3,widespread pacific native
odontomachus_simillimus,Odontomachus.simillimus_EGP0098D03_Fiji,TA,VL,264.4562616,0.086114527,0,2,3,widespread pacific native
odontomachus_simillimus,Odontomachus.simillimus_EGP0098D03_Fiji,ML,VL,267.5866396,0.011216347,0,2,3,widespread pacific native
odontomachus_simillimus,Odontomachus.simillimus_EGP0098D03_Fiji,KV,VN,291.5711275,0.098986969,0,2,3,widespread pacific native
odontomachus_simillimus,Odontomachus.simillimus_EGP0098D03_Fiji,KV,TA,321.2667139,0.003717089,0,2,3,widespread pacific native
ooceraea_fj06,Ooceraea.fj06_EGP0100B10_Fiji,LK,VL,42.46664334,0.053719197,0,1,1,endemic
ooceraea_fj06,Ooceraea.fj06_EGP0100B10_Fiji,GA,LK,58.43567202,0.188229458,0,1,1,endemic
ooceraea_fj06,Ooceraea.fj06_EGP0100B10_Fiji,KR,TA,71.91105907,0.255946852,0,1,1,endemic
ooceraea_fj06,Ooceraea.fj06_EGP0100B10_Fiji,GA,KR,76.41991375,0.329029561,0,1,1,endemic
ooceraea_fj06,Ooceraea.fj06_EGP0100B10_Fiji,GA,VL,90.71651638,0.368636017,0,1,1,endemic
ooceraea_fj06,Ooceraea.fj06_EGP0100B10_Fiji,KV,VL,117.4676393,0.411365847,0,1,1,endemic
ooceraea_fj06,Ooceraea.fj06_EGP0100B10_Fiji,KV,LK,117.7828854,0.414543376,0,1,1,endemic
ooceraea_fj06,Ooceraea.fj06_EGP0100B10_Fiji,KR,LK,121.1066389,0.428261665,0,1,1,endemic
ooceraea_fj06,Ooceraea.fj06_EGP0100B10_Fiji,KR,VL,133.2796175,0.443154451,0,1,1,endemic
ooceraea_fj06,Ooceraea.fj06_EGP0100B10_Fiji,GA,TA,140.7400414,0.464587168,0,1,1,endemic
ooceraea_fj06,Ooceraea.fj06_EGP0100B10_Fiji,GA,KV,172.0539116,0.467573599,0,1,1,endemic
ooceraea_fj06,Ooceraea.fj06_EGP0100B10_Fiji,LK,TA,191.6216675,0.474931595,0,1,1,endemic
ooceraea_fj06,Ooceraea.fj06_EGP0100B10_Fiji,TA,VL,205.0672682,0.502290516,0,1,1,endemic
ooceraea_fj06,Ooceraea.fj06_EGP0100B10_Fiji,KR,KV,238.7721244,0.550607764,0,1,1,endemic
ooceraea_fj06,Ooceraea.fj06_EGP0100B10_Fiji,KV,TA,309.3719452,0.558672299,0,1,1,endemic
ooceraea_fuscior,Ooceraea.fuscior_EGP0099G11_Fiji,TA,VN,96.4704902,0.307827402,0,1,1,endemic
paraparatrechina_oceanica,Paraparatrechina.oceanica_EGP0138A07_Fiji,BQ,VL,52.21212129,0.042502765,0,1,2,endemic
paraparatrechina_oceanica,Paraparatrechina.oceanica_EGP0138A07_Fiji,KR,VN,69.04392622,0.067221708,0,1,2,endemic
paraparatrechina_oceanica,Paraparatrechina.oceanica_EGP0138A07_Fiji,GA,KR,76.93846223,0.074521128,0,1,2,endemic
paraparatrechina_oceanica,Paraparatrechina.oceanica_EGP0138A07_Fiji,GA,VL,88.41583361,0.08024636,0,1,2,endemic
paraparatrechina_oceanica,Paraparatrechina.oceanica_EGP0138A07_Fiji,GA,ML,95.76068556,0.097584567,0,1,2,endemic
paraparatrechina_oceanica,Paraparatrechina.oceanica_EGP0138A07_Fiji,BQ,GA,131.5775141,0.100185327,0,1,2,endemic
paraparatrechina_oceanica,Paraparatrechina.oceanica_EGP0138A07_Fiji,KR,VL,133.3692644,0.113878964,0,1,2,endemic
paraparatrechina_oceanica,Paraparatrechina.oceanica_EGP0138A07_Fiji,GA,VN,144.9786832,0.126562643,0,1,2,endemic
paraparatrechina_oceanica,Paraparatrechina.oceanica_EGP0138A07_Fiji,KR,ML,154.0095288,0.127304486,0,1,2,endemic
paraparatrechina_oceanica,Paraparatrechina.oceanica_EGP0138A07_Fiji,ML,VL,164.7353636,0.135941473,0,1,2,endemic
paraparatrechina_oceanica,Paraparatrechina.oceanica_EGP0138A07_Fiji,BQ,KR,185.073789,0.135941473,0,1,2,endemic
paraparatrechina_oceanica,Paraparatrechina.oceanica_EGP0138A07_Fiji,BQ,ML,188.6364063,0.151378113,0,1,2,endemic
paraparatrechina_oceanica,Paraparatrechina.oceanica_EGP0138A07_Fiji,VL,VN,197.8262581,0.154999285,0,1,2,endemic
paraparatrechina_oceanica,Paraparatrechina.oceanica_EGP0138A07_Fiji,ML,VN,209.4101602,0.160338359,0,1,2,endemic
paraparatrechina_oceanica,Paraparatrechina.oceanica_EGP0138A07_Fiji,BQ,VN,250.0353835,0.170030508,0,1,2,endemic
phediole_colaensis,Pheidole.colaensis_EGP0016A08_Fiji,VL2,VL3,39.08113503,0.066998438,1,1,1,endemic
pheidole_kava,Pheidole.kava_EGP0027D12_Fiji,GA,KR,77.46718948,0.352419832,0,1,1,endemic
pheidole_uncagena,Pheidole.uncagena_EGP0022C09_Fiji,TA,VN,103.1133499,0.32152663,0,1,1,endemic
Pheidole.fervens,Pheidole.fervens_EGP0019A05_Fiji,VL1,VL3,82.53241641,0.056738035,1,2,3,widespread pacific native
Pheidole.fervens,Pheidole.fervens_EGP0019A05_Fiji,KR,VL1,130.7870823,0.104690703,0,2,3,widespread pacific native
Pheidole.fervens,Pheidole.fervens_EGP0019A05_Fiji,KR,VL3,162.387413,0.105552029,0,2,3,widespread pacific native
Pheidole.knowC,Pheidole.knowA_EGP0029H06_Fiji,KR,TA,77.15094592,0.183071363,0,1,1,endemic
Pheidole.knowC,Pheidole.knowA_EGP0029H06_Fiji,GA,KR,77.27428275,0.092929513,0,1,1,endemic
Pheidole.knowC,Pheidole.knowA_EGP0029H06_Fiji,GA,VL1,136.309863,0.106415867,0,1,1,endemic
Pheidole.knowC,Pheidole.knowA_EGP0029H06_Fiji,GA,TA,145.0408247,0.147175508,0,1,1,endemic
Pheidole.knowC,Pheidole.knowA_EGP0029H06_Fiji,KR,VL1,179.6675805,0.152551341,0,1,1,endemic
Pheidole.knowC,Pheidole.knowA_EGP0029H06_Fiji,TA,VL1,256.6337818,0.169420887,0,1,1,endemic
Pheidole.megacephala,Pheidole.megacephala_EGP0019C04_Fiji,VL1,VL2,55.15828172,0.030111173,1,3,4,Exotic
Pheidole.megacephala,Pheidole.megacephala_EGP0019C04_Fiji,VL2,VL3,78.82415065,0.074771276,1,3,4,Exotic
Pheidole.megacephala,Pheidole.megacephala_EGP0019C04_Fiji,GA,VL1,85.59551864,0.020142776,0,3,4,Exotic
Pheidole.megacephala,Pheidole.megacephala_EGP0019C04_Fiji,GA,ML,93.45849058,0.043623467,0,3,4,Exotic
Pheidole.megacephala,Pheidole.megacephala_EGP0019C04_Fiji,VL1,VL3,104.8473629,0.086988303,1,3,4,Exotic
Pheidole.megacephala,Pheidole.megacephala_EGP0019C04_Fiji,KV,VL1,115.0410835,0.020270563,0,3,4,Exotic
Pheidole.megacephala,Pheidole.megacephala_EGP0019C04_Fiji,KV,VL3,122.0110058,0.049379153,0,3,4,Exotic
Pheidole.megacephala,Pheidole.megacephala_EGP0019C04_Fiji,GA,VL2,129.6642038,0.024923676,0,3,4,Exotic
Pheidole.megacephala,Pheidole.megacephala_EGP0019C04_Fiji,GA,TA,140.0488196,0.029362608,0,3,4,Exotic
Pheidole.megacephala,Pheidole.megacephala_EGP0019C04_Fiji,KV,VL2,146.8792669,0.024619438,0,3,4,Exotic
Pheidole.megacephala,Pheidole.megacephala_EGP0019C04_Fiji,ML,VL1,161.3212292,0.035849998,0,3,4,Exotic
Pheidole.megacephala,Pheidole.megacephala_EGP0019C04_Fiji,GA,KV,167.429232,0.058712119,0,3,4,Exotic
Pheidole.megacephala,Pheidole.megacephala_EGP0019C04_Fiji,ML,TA,189.4035332,0.097014344,0,3,4,Exotic
Pheidole.megacephala,Pheidole.megacephala_EGP0019C04_Fiji,KV,ML,190.3721966,0.041908797,0,3,4,Exotic
Pheidole.megacephala,Pheidole.megacephala_EGP0019C04_Fiji,GA,VL3,190.4412233,0.005381155,0,3,4,Exotic
Pheidole.megacephala,Pheidole.megacephala_EGP0019C04_Fiji,TA,VL1,201.5256362,0.109835469,0,3,4,Exotic
Pheidole.megacephala,Pheidole.megacephala_EGP0019C04_Fiji,ML,VL2,213.9834872,0.016650675,0,3,4,Exotic
Pheidole.megacephala,Pheidole.megacephala_EGP0019C04_Fiji,TA,VL2,216.4088599,0.019674818,0,3,4,Exotic
Pheidole.megacephala,Pheidole.megacephala_EGP0019C04_Fiji,ML,VL3,258.9213147,0.067105522,0,3,4,Exotic
Pheidole.megacephala,Pheidole.megacephala_EGP0019C04_Fiji,TA,VL3,294.1104176,0.096711061,0,3,4,Exotic
Pheidole.megacephala,Pheidole.megacephala_EGP0019C04_Fiji,KV,TA,304.6002299,0.046954854,0,3,4,Exotic
Pheidole.onifera,Pheidole.onifera_EGP0016H09_Fiji,BQ,VL1,43.9608201,0.04774536,0,1,2,endemic
Pheidole.onifera,Pheidole.onifera_EGP0016H09_Fiji,LA,VL1,65.59325922,0.049122092,0,1,2,endemic
Pheidole.onifera,Pheidole.onifera_EGP0016H09_Fiji,BQ,LA,109.3975077,0.165186964,0,1,2,endemic
Pheidole.onifera,Pheidole.onifera_EGP0016H09_Fiji,LA,VN,114.3841999,0.199985603,0,1,2,endemic
Pheidole.onifera,Pheidole.onifera_EGP0016H09_Fiji,VL1,VN,171.9291256,0.221798389,0,1,2,endemic
Pheidole.onifera,Pheidole.onifera_EGP0016H09_Fiji,BQ,VN,214.4182665,0.264394574,0,1,2,endemic
Pheidole.roosevelti,Pheidole.roosevelti_EGP0016D06_Fiji,GA,LA,57.23291292,0.01100866,0,1,1,endemic
Pheidole.roosevelti,Pheidole.roosevelti_EGP0016D06_Fiji,LA,VL1,59.88973658,0.049904329,0,1,1,endemic
Pheidole.roosevelti,Pheidole.roosevelti_EGP0016D06_Fiji,VL1,VL2,65.13077112,0.119555547,1,1,1,endemic
Pheidole.roosevelti,Pheidole.roosevelti_EGP0016D06_Fiji,VL2,VL3,81.25081914,0.17315594,1,1,1,endemic
Pheidole.roosevelti,Pheidole.roosevelti_EGP0016D06_Fiji,LA,VL2,88.12296541,0.13248528,0,1,1,endemic
Pheidole.roosevelti,Pheidole.roosevelti_EGP0016D06_Fiji,GA,VL1,92.35071211,0.18083922,0,1,1,endemic
Pheidole.roosevelti,Pheidole.roosevelti_EGP0016D06_Fiji,VL1,VL3,98.40695975,0.15959914,1,1,1,endemic
Pheidole.roosevelti,Pheidole.roosevelti_EGP0016D06_Fiji,GA,VL2,141.1537939,0.12994393,0,1,1,endemic
Pheidole.roosevelti,Pheidole.roosevelti_EGP0016D06_Fiji,LA,VL3,151.2931526,0.2294794,0,1,1,endemic
Pheidole.roosevelti,Pheidole.roosevelti_EGP0016D06_Fiji,GA,VL3,190.7380284,0.24819869,0,1,1,endemic
Pheidole.simplispinosa,Pheidole.simplinosa_EGP0016E11_Fiji,TA,VN,35.2189311,0.176544186,0,1,1,endemic
Pheidole.simplispinosa,Pheidole.simplinosa_EGP0016E11_Fiji,KR,VN,70.39658912,0.199361385,0,1,1,endemic
Pheidole.simplispinosa,Pheidole.simplinosa_EGP0016E11_Fiji,KR,TA,78.6480421,0.241657643,0,1,1,endemic
Pheidole.ululevu,Pheidole.ululevu_EGP0025D07_Fiji,VL1,VL2,5.495051816,0.15539022,0,1,1,endemic
Pheidole.ululevu,Pheidole.ululevu_EGP0025D07_Fiji,GA,LA,56.44907631,0.19457303,0,1,1,endemic
Pheidole.ululevu,Pheidole.ululevu_EGP0025D07_Fiji,LA,LK,58.44563408,0.10812949,0,1,1,endemic
Pheidole.ululevu,Pheidole.ululevu_EGP0025D07_Fiji,GA,LK,58.56673485,0.15230282,0,1,1,endemic
Pheidole.ululevu,Pheidole.ululevu_EGP0025D07_Fiji,BQ,LK,71.34742566,0.12010211,0,1,1,endemic
Pheidole.ululevu,Pheidole.ululevu_EGP0025D07_Fiji,BQ,KV,74.54600124,0.1934927,0,1,1,endemic
Pheidole.ululevu,Pheidole.ululevu_EGP0025D07_Fiji,KR,LA,75.04925825,0.14211074,0,1,1,endemic
Pheidole.ululevu,Pheidole.ululevu_EGP0025D07_Fiji,GA,KR,75.53934666,0.06873095,0,1,1,endemic
Pheidole.ululevu,Pheidole.ululevu_EGP0025D07_Fiji,KR,TA,78.15270236,0.06425687,0,1,1,endemic
Pheidole.ululevu,Pheidole.ululevu_EGP0025D07_Fiji,KR,VN,81.5156122,0.02531582,0,1,1,endemic
Pheidole.ululevu,Pheidole.ululevu_EGP0025D07_Fiji,BQ,VL2,88.5996385,0.06549423,0,1,1,endemic
Pheidole.ululevu,Pheidole.ululevu_EGP0025D07_Fiji,LA,VL2,89.64325625,0.09158489,0,1,1,endemic
Pheidole.ululevu,Pheidole.ululevu_EGP0025D07_Fiji,LA,VL1,91.78001719,0.16106944,0,1,1,endemic
Pheidole.ululevu,Pheidole.ululevu_EGP0025D07_Fiji,BQ,VL1,94.07356923,0.14197363,0,1,1,endemic
Pheidole.ululevu,Pheidole.ululevu_EGP0025D07_Fiji,GA,ML,95.76068556,0.19780058,0,1,1,endemic
Pheidole.ululevu,Pheidole.ululevu_EGP0025D07_Fiji,TA,VN,103.5410407,0.13545626,0,1,1,endemic
Pheidole.ululevu,Pheidole.ululevu_EGP0025D07_Fiji,BQ,LA,107.1507489,0.0649209,0,1,1,endemic
Pheidole.ululevu,Pheidole.ululevu_EGP0025D07_Fiji,LK,VL2,107.9243097,0.16764886,0,1,1,endemic
Pheidole.ululevu,Pheidole.ululevu_EGP0025D07_Fiji,LK,VL1,112.4194494,0.03047815,0,1,1,endemic
Pheidole.ululevu,Pheidole.ululevu_EGP0025D07_Fiji,LA,VN,115.1369836,0.04154574,0,1,1,endemic
Pheidole.ululevu,Pheidole.ululevu_EGP0025D07_Fiji,KV,LK,117.8363929,0.09766445,0,1,1,endemic
Pheidole.ululevu,Pheidole.ululevu_EGP0025D07_Fiji,KR,LK,121.050783,0.11852079,0,1,1,endemic
Pheidole.ululevu,Pheidole.ululevu_EGP0025D07_Fiji,LK,ML,124.970231,0.05139942,0,1,1,endemic
Pheidole.ululevu,Pheidole.ululevu_EGP0025D07_Fiji,BQ,GA,129.2765675,0.19131971,0,1,1,endemic
Pheidole.ululevu,Pheidole.ululevu_EGP0025D07_Fiji,GA,VL2,142.0777382,0.06489811,0,1,1,endemic
Pheidole.ululevu,Pheidole.ululevu_EGP0025D07_Fiji,GA,TA,144.6771646,0.17487553,0,1,1,endemic
Pheidole.ululevu,Pheidole.ululevu_EGP0025D07_Fiji,GA,VL1,145.0569565,0.20168166,0,1,1,endemic
Pheidole.ululevu,Pheidole.ululevu_EGP0025D07_Fiji,GA,VN,146.9418131,0.15273504,0,1,1,endemic
Pheidole.ululevu,Pheidole.ululevu_EGP0025D07_Fiji,VL1,VN,148.6449212,0.08018019,0,1,1,endemic
Pheidole.ululevu,Pheidole.ululevu_EGP0025D07_Fiji,VL2,VN,151.15846,0.30067751,0,1,1,endemic
Pheidole.ululevu,Pheidole.ululevu_EGP0025D07_Fiji,LA,ML,151.2478581,0.18921617,0,1,1,endemic
Pheidole.ululevu,Pheidole.ululevu_EGP0025D07_Fiji,KR,ML,152.7832472,0.02148258,0,1,1,endemic
Pheidole.ululevu,Pheidole.ululevu_EGP0025D07_Fiji,LA,TA,153.0795271,0.29553687,0,1,1,endemic
Pheidole.ululevu,Pheidole.ululevu_EGP0025D07_Fiji,KR,VL2,154.4543228,0.03069562,0,1,1,endemic
Pheidole.ululevu,Pheidole.ululevu_EGP0025D07_Fiji,KR,VL1,154.8169552,0.01420753,0,1,1,endemic
Pheidole.ululevu,Pheidole.ululevu_EGP0025D07_Fiji,KV,VL2,162.279765,0.18293962,0,1,1,endemic
Pheidole.ululevu,Pheidole.ululevu_EGP0025D07_Fiji,KV,VL1,167.6841924,0.21064016,0,1,1,endemic
Pheidole.ululevu,Pheidole.ululevu_EGP0025D07_Fiji,KV,LA,170.2256919,0.01116115,0,1,1,endemic
Pheidole.ululevu,Pheidole.ululevu_EGP0025D07_Fiji,GA,KV,172.5061041,0.08896695,0,1,1,endemic
Pheidole.ululevu,Pheidole.ululevu_EGP0025D07_Fiji,LK,VN,173.410549,0.05211374,0,1,1,endemic
Pheidole.ululevu,Pheidole.ululevu_EGP0025D07_Fiji,BQ,KR,181.2616117,0.04594673,0,1,1,endemic
Pheidole.ululevu,Pheidole.ululevu_EGP0025D07_Fiji,BQ,ML,187.3683818,0.03081827,0,1,1,endemic
Pheidole.ululevu,Pheidole.ululevu_EGP0025D07_Fiji,ML,TA,193.955682,0.08234262,0,1,1,endemic
Pheidole.ululevu,Pheidole.ululevu_EGP0025D07_Fiji,KV,ML,194.9598723,0.01516828,0,1,1,endemic
Pheidole.ululevu,Pheidole.ululevu_EGP0025D07_Fiji,LK,TA,197.0626417,0.07423961,0,1,1,endemic
Pheidole.ululevu,Pheidole.ululevu_EGP0025D07_Fiji,BQ,VN,213.1073027,0.25960327,0,1,1,endemic
Pheidole.ululevu,Pheidole.ululevu_EGP0025D07_Fiji,TA,VL1,226.4111875,0.26952733,0,1,1,endemic
Pheidole.ululevu,Pheidole.ululevu_EGP0025D07_Fiji,TA,VL2,226.9374548,0.13119474,0,1,1,endemic
Pheidole.ululevu,Pheidole.ululevu_EGP0025D07_Fiji,ML,VL2,229.8495358,0.16386512,0,1,1,endemic
Pheidole.ululevu,Pheidole.ululevu_EGP0025D07_Fiji,ML,VN,233.3502422,0.11246543,0,1,1,endemic
Pheidole.ululevu,Pheidole.ululevu_EGP0025D07_Fiji,ML,VL1,233.7048807,0.15742993,0,1,1,endemic
Pheidole.ululevu,Pheidole.ululevu_EGP0025D07_Fiji,KR,KV,238.7721244,0.16043563,0,1,1,endemic
Pheidole.ululevu,Pheidole.ululevu_EGP0025D07_Fiji,BQ,TA,259.3674643,0.11115507,0,1,1,endemic
Pheidole.ululevu,Pheidole.ululevu_EGP0025D07_Fiji,KV,VN,282.6388903,0.21183996,0,1,1,endemic
Pheidole.ululevu,Pheidole.ululevu_EGP0025D07_Fiji,KV,TA,314.7849263,0.14950817,0,1,1,endemic
Pheidole.umbonata,Pheidole.umbonata_EGP0016E05_Fiji,LK,VL1,39.94528383,0.142563651,0,2,3,widespread pacific native
Pheidole.umbonata,Pheidole.umbonata_EGP0016E05_Fiji,BQ,VL1,52.21212129,0.047856067,0,2,3,widespread pacific native
Pheidole.umbonata,Pheidole.umbonata_EGP0016E05_Fiji,TA,VN,67.16356298,0.041477104,0,2,3,widespread pacific native
Pheidole.umbonata,Pheidole.umbonata_EGP0016E05_Fiji,BQ,KV,72.18386139,0.122912523,0,2,3,widespread pacific native
Pheidole.umbonata,Pheidole.umbonata_EGP0016E05_Fiji,BQ,LK,73.48636749,0.127277356,0,2,3,widespread pacific native
Pheidole.umbonata,Pheidole.umbonata_EGP0016E05_Fiji,KR,TA,78.82173202,0.113823816,0,2,3,widespread pacific native
Pheidole.umbonata,Pheidole.umbonata_EGP0016E05_Fiji,KV,VL1,116.9419612,0.031885314,0,2,3,widespread pacific native
Pheidole.umbonata,Pheidole.umbonata_EGP0016E05_Fiji,KV,LK,117.7828854,0.070415084,0,2,3,widespread pacific native
Pheidole.umbonata,Pheidole.umbonata_EGP0016E05_Fiji,KR,LK,122.6716281,0.126628194,0,2,3,widespread pacific native
Pheidole.umbonata,Pheidole.umbonata_EGP0016E05_Fiji,KR,VN,122.7765391,0.05806743,0,2,3,widespread pacific native
Pheidole.umbonata,Pheidole.umbonata_EGP0016E05_Fiji,LK,ML,123.7892278,0.05166636,0,2,3,widespread pacific native
Pheidole.umbonata,Pheidole.umbonata_EGP0016E05_Fiji,KR,VL1,132.3975775,0.141153243,0,2,3,widespread pacific native
Pheidole.umbonata,Pheidole.umbonata_EGP0016E05_Fiji,KR,ML,154.5514414,0.120335439,0,2,3,widespread pacific native
Pheidole.umbonata,Pheidole.umbonata_EGP0016E05_Fiji,ML,VL1,163.499863,0.04088735,0,2,3,widespread pacific native
Pheidole.umbonata,Pheidole.umbonata_EGP0016E05_Fiji,BQ,KR,184.2733198,0.075099612,0,2,3,widespread pacific native
Pheidole.umbonata,Pheidole.umbonata_EGP0016E05_Fiji,BQ,ML,188.1643773,0.090824493,0,2,3,widespread pacific native
Pheidole.umbonata,Pheidole.umbonata_EGP0016E05_Fiji,ML,TA,190.9768215,0.047493902,0,2,3,widespread pacific native
Pheidole.umbonata,Pheidole.umbonata_EGP0016E05_Fiji,KV,ML,195.622145,0.0743518,0,2,3,widespread pacific native
Pheidole.umbonata,Pheidole.umbonata_EGP0016E05_Fiji,LK,TA,197.5266277,0.133650733,0,2,3,widespread pacific native
Pheidole.umbonata,Pheidole.umbonata_EGP0016E05_Fiji,TA,VL1,210.9614308,0.026567825,0,2,3,widespread pacific native
Pheidole.umbonata,Pheidole.umbonata_EGP0016E05_Fiji,KR,KV,240.1466119,0.095198032,0,2,3,widespread pacific native
Pheidole.umbonata,Pheidole.umbonata_EGP0016E05_Fiji,LK,VN,245.0441242,0.065350104,0,2,3,widespread pacific native
Pheidole.umbonata,Pheidole.umbonata_EGP0016E05_Fiji,VL1,VN,249.5761673,0.108608646,0,2,3,widespread pacific native
Pheidole.umbonata,Pheidole.umbonata_EGP0016E05_Fiji,ML,VN,256.5796319,0.022553035,0,2,3,widespread pacific native
Pheidole.umbonata,Pheidole.umbonata_EGP0016E05_Fiji,BQ,TA,262.5537544,0.074557674,0,2,3,widespread pacific native
Pheidole.umbonata,Pheidole.umbonata_EGP0016E05_Fiji,BQ,VN,301.6887109,0.143690659,0,2,3,widespread pacific native
Pheidole.umbonata,Pheidole.umbonata_EGP0016E05_Fiji,KV,TA,315.1872853,0.026258015,0,2,3,widespread pacific native
Pheidole.umbonata,Pheidole.umbonata_EGP0016E05_Fiji,KV,VN,361.8263131,0.00181937,0,2,3,widespread pacific native
Pheidole.vatu,Pheidole.vatu_EGP0022E11_Fiji,VL1,VL2,66.0775451,0.1429368,0,1,1,endemic
Pheidole.vatu,Pheidole.vatu_EGP0022E11_Fiji,KR,VN,69.2001809,0.14986841,0,1,1,endemic
Pheidole.vatu,Pheidole.vatu_EGP0022E11_Fiji,GA,KR,76.6915563,0.14531767,0,1,1,endemic
Pheidole.vatu,Pheidole.vatu_EGP0022E11_Fiji,GA,VL1,88.4158336,0.09281644,0,1,1,endemic
Pheidole.vatu,Pheidole.vatu_EGP0022E11_Fiji,GA,ML,95.7606856,0.13109271,0,1,1,endemic
Pheidole.vatu,Pheidole.vatu_EGP0022E11_Fiji,KR,VL1,133.411861,0.05189668,0,1,1,endemic
Pheidole.vatu,Pheidole.vatu_EGP0022E11_Fiji,GA,VL2,136.277965,0.07398152,0,1,1,endemic
Pheidole.vatu,Pheidole.vatu_EGP0022E11_Fiji,GA,VN,144.978683,0.10590044,0,1,1,endemic
Pheidole.vatu,Pheidole.vatu_EGP0022E11_Fiji,KR,VL2,148.788639,0.19613775,0,1,1,endemic
Pheidole.vatu,Pheidole.vatu_EGP0022E11_Fiji,KR,ML,153.609509,0.09485174,0,1,1,endemic
Pheidole.vatu,Pheidole.vatu_EGP0022E11_Fiji,ML,VL1,164.735364,0.19440467,0,1,1,endemic
Pheidole.vatu,Pheidole.vatu_EGP0022E11_Fiji,VL1,VN,197.826258,0.14562436,0,1,1,endemic
Pheidole.vatu,Pheidole.vatu_EGP0022E11_Fiji,VL2,VN,198.504698,0.1833701,0,1,1,endemic
Pheidole.vatu,Pheidole.vatu_EGP0022E11_Fiji,ML,VN,209.41016,0.13314976,0,1,1,endemic
Pheidole.vatu,Pheidole.vatu_EGP0022E11_Fiji,ML,VL2,224.769693,0.19837671,0,1,1,endemic
Pheidole.wilsoni,Pheidole.wilsoni_EGP0023A03_Fiji,GA,LA,57.29118311,0.445239233,0,1,1,endemic
Pheidole.wilsoni,Pheidole.wilsoni_EGP0023A03_Fiji,LA,VL1,57.77271487,0.05408196,0,1,1,endemic
Pheidole.wilsoni,Pheidole.wilsoni_EGP0023A03_Fiji,VL1,VL2,67.304781,0.250826005,0,1,1,endemic
Pheidole.wilsoni,Pheidole.wilsoni_EGP0023A03_Fiji,VL2,VL3,83.66517424,0.117165066,0,1,1,endemic
Pheidole.wilsoni,Pheidole.wilsoni_EGP0023A03_Fiji,LA,VL2,86.07987087,0.071530835,0,1,1,endemic
Pheidole.wilsoni,Pheidole.wilsoni_EGP0023A03_Fiji,GA,VL1,88.85633702,0.298152639,0,1,1,endemic
Pheidole.wilsoni,Pheidole.wilsoni_EGP0023A03_Fiji,TA,VN,96.68204563,0.1642992,0,1,1,endemic
Pheidole.wilsoni,Pheidole.wilsoni_EGP0023A03_Fiji,VL1,VL3,102.1575426,0.084245427,0,1,1,endemic
Pheidole.wilsoni,Pheidole.wilsoni_EGP0023A03_Fiji,LA,VN,115.1369836,0.21848195,0,1,1,endemic
Pheidole.wilsoni,Pheidole.wilsoni_EGP0023A03_Fiji,KV,VL3,117.605041,0.010247537,0,1,1,endemic
Pheidole.wilsoni,Pheidole.wilsoni_EGP0023A03_Fiji,KV,VL1,125.8457832,0.13262024,0,1,1,endemic
Pheidole.wilsoni,Pheidole.wilsoni_EGP0023A03_Fiji,GA,VL2,139.4073732,0.281320009,0,1,1,endemic
Pheidole.wilsoni,Pheidole.wilsoni_EGP0023A03_Fiji,GA,TA,140.9556883,0.288754337,0,1,1,endemic
Pheidole.wilsoni,Pheidole.wilsoni_EGP0023A03_Fiji,LA,TA,147.0542426,0.078814324,0,1,1,endemic
Pheidole.wilsoni,Pheidole.wilsoni_EGP0023A03_Fiji,GA,VN,147.7613157,0.251100369,0,1,1,endemic
Pheidole.wilsoni,Pheidole.wilsoni_EGP0023A03_Fiji,VL2,VN,148.3900211,0.090028565,1,1,1,endemic
Pheidole.wilsoni,Pheidole.wilsoni_EGP0023A03_Fiji,LA,VL3,151.5789282,0.035745623,0,1,1,endemic
Pheidole.wilsoni,Pheidole.wilsoni_EGP0023A03_Fiji,VL1,VN,165.8973125,0.108312204,0,1,1,endemic
Pheidole.wilsoni,Pheidole.wilsoni_EGP0023A03_Fiji,KV,VL2,166.4406899,0.123485702,0,1,1,endemic
Pheidole.wilsoni,Pheidole.wilsoni_EGP0023A03_Fiji,KV,LA,180.6362115,0.305854418,0,1,1,endemic
Pheidole.wilsoni,Pheidole.wilsoni_EGP0023A03_Fiji,GA,KV,185.4478875,0.22775462,0,1,1,endemic
Pheidole.wilsoni,Pheidole.wilsoni_EGP0023A03_Fiji,GA,VL3,191.0122523,0.210552177,0,1,1,endemic
Pheidole.wilsoni,Pheidole.wilsoni_EGP0023A03_Fiji,TA,VL1,204.5772582,0.156262773,0,1,1,endemic
Pheidole.wilsoni,Pheidole.wilsoni_EGP0023A03_Fiji,TA,VL2,216.6305511,0.182362087,0,1,1,endemic
Pheidole.wilsoni,Pheidole.wilsoni_EGP0023A03_Fiji,VL3,VN,231.99228,0.102920727,1,1,1,endemic
Pheidole.wilsoni,Pheidole.wilsoni_EGP0023A03_Fiji,KV,VN,291.7314944,0.068344918,0,1,1,endemic
Pheidole.wilsoni,Pheidole.wilsoni_EGP0023A03_Fiji,TA,VL3,294.6747571,0.121772572,0,1,1,endemic
Pheidole.wilsoni,Pheidole.wilsoni_EGP0023A03_Fiji,KV,TA,321.9415781,0.149070741,0,1,1,endemic
philidris_nagasau,Philidris.nagasau_EGP0068D11_Fiji,TA,VN,34.63765726,0.228496957,0,1,2,endemic
pristomyrmex_mandibularis-female,Pristomyrmex.mandibularis_EGP0025G10_Fiji,GA,KR,75.53934666,0.045711509,0,1,2,endemic
pristomyrmex_mandibularis-female,Pristomyrmex.mandibularis_EGP0025G10_Fiji,GA,VL,185.3286475,0.201726792,0,1,2,endemic
pristomyrmex_mandibularis-female,Pristomyrmex.mandibularis_EGP0025G10_Fiji,KR,VL,200.3212062,0.182272797,0,1,2,endemic
pristomyrmex_mandibularis-male,Pristomyrmex.mandibularis_EGP0025G10_Fiji,GA,LK,58.56673485,0.007159532,0,1,2,endemic
pristomyrmex_mandibularis-male,Pristomyrmex.mandibularis_EGP0025G10_Fiji,KR,TA,71.83357987,0.008058564,0,1,2,endemic
pristomyrmex_mandibularis-male,Pristomyrmex.mandibularis_EGP0025G10_Fiji,GA,KR,75.53934666,0.059721259,0,1,2,endemic
pristomyrmex_mandibularis-male,Pristomyrmex.mandibularis_EGP0025G10_Fiji,KR,VN,90.32938647,0.064610121,0,1,2,endemic
pristomyrmex_mandibularis-male,Pristomyrmex.mandibularis_EGP0025G10_Fiji,KR,LK,121.050783,0.079836192,0,1,2,endemic
pristomyrmex_mandibularis-male,Pristomyrmex.mandibularis_EGP0025G10_Fiji,TA,VN,121.2596746,0.116330974,0,1,2,endemic
pristomyrmex_mandibularis-male,Pristomyrmex.mandibularis_EGP0025G10_Fiji,KV,LK,129.7403451,0.119088051,0,1,2,endemic
pristomyrmex_mandibularis-male,Pristomyrmex.mandibularis_EGP0025G10_Fiji,GA,TA,139.9988763,0.124680655,0,1,2,endemic
pristomyrmex_mandibularis-male,Pristomyrmex.mandibularis_EGP0025G10_Fiji,GA,VN,144.0423751,0.156489725,0,1,2,endemic
pristomyrmex_mandibularis-male,Pristomyrmex.mandibularis_EGP0025G10_Fiji,LK,VL,144.1100028,0.156901787,0,1,2,endemic
pristomyrmex_mandibularis-male,Pristomyrmex.mandibularis_EGP0025G10_Fiji,LK,VN,160.8691518,0.16420704,0,1,2,endemic
pristomyrmex_mandibularis-male,Pristomyrmex.mandibularis_EGP0025G10_Fiji,VL,VN,162.1801677,0.205633931,0,1,2,endemic
pristomyrmex_mandibularis-male,Pristomyrmex.mandibularis_EGP0025G10_Fiji,KV,VL,167.1473189,0.230064386,0,1,2,endemic
pristomyrmex_mandibularis-male,Pristomyrmex.mandibularis_EGP0025G10_Fiji,GA,VL,185.3286475,0.247341524,0,1,2,endemic
pristomyrmex_mandibularis-male,Pristomyrmex.mandibularis_EGP0025G10_Fiji,GA,KV,185.3480202,0.267161503,0,1,2,endemic
pristomyrmex_mandibularis-male,Pristomyrmex.mandibularis_EGP0025G10_Fiji,LK,TA,191.504189,0.26852476,0,1,2,endemic
pristomyrmex_mandibularis-male,Pristomyrmex.mandibularis_EGP0025G10_Fiji,KR,VL,200.3212062,0.271972948,0,1,2,endemic
pristomyrmex_mandibularis-male,Pristomyrmex.mandibularis_EGP0025G10_Fiji,KR,KV,250.2952126,0.279766715,0,1,2,endemic
pristomyrmex_mandibularis-male,Pristomyrmex.mandibularis_EGP0025G10_Fiji,TA,VL,264.3562573,0.357962208,0,1,2,endemic
pristomyrmex_mandibularis-male,Pristomyrmex.mandibularis_EGP0025G10_Fiji,KV,VN,272.4291402,0.36345741,0,1,2,endemic
pristomyrmex_mandibularis-male,Pristomyrmex.mandibularis_EGP0025G10_Fiji,KV,TA,321.200395,0.374056011,0,1,2,endemic
pristomyrmex_tsujii-female,Pristomyrmex.tsujii_EGP0029E11_Fiji,KR,VL,134.2731177,0.242778322,0,1,2,endemic
pristomyrmex_tsujii-male,Pristomyrmex.tsujii_EGP0029E11_Fiji,GA,VL,90.71651638,0.176740468,0,1,2,endemic
pristomyrmex_tsujii-male,Pristomyrmex.tsujii_EGP0029E11_Fiji,GA,TA,145.3386224,0.285965222,0,1,2,endemic
pristomyrmex_tsujii-male,Pristomyrmex.tsujii_EGP0029E11_Fiji,TA,VL,211.4216956,0.343021866,0,1,2,endemic
proceratium_relictum,Proceratium.relictum_EGP0091C09_Fiji,TA,VN,103.67885,0.100819759,0,1,1,endemic
pseudoponera_stigma,Pseudoponera.stigma_EGP0099C08_Fiji,TA,VN,96.68613387,0.002194971,0,3,4,Exotic
rogeria_stigmatica,Rogeria.stigmatica_EGP0035C04_Fiji,GA,VN,144.9786832,0.016332082,0,2,3,widespread pacific native
rogeria_stigmatica,Rogeria.stigmatica_EGP0035C04_Fiji,GA,VL,185.3286475,0.007462607,0,2,3,widespread pacific native
rogeria_stigmatica,Rogeria.stigmatica_EGP0035C04_Fiji,VL,VN,247.8694809,0.01619811,0,2,3,widespread pacific native
solenopsis_papuana,Solenopsis.papuana_EGP0036G03_Fiji,TA,VN,28.3409686,0.016592315,0,2,3,widespread pacific native
solenopsis_papuana,Solenopsis.papuana_EGP0036G03_Fiji,BQ,KV,72.18386139,0.006394959,0,2,3,widespread pacific native
solenopsis_papuana,Solenopsis.papuana_EGP0036G03_Fiji,GA,ML,94.86697562,0.007009821,0,2,3,widespread pacific native
solenopsis_papuana,Solenopsis.papuana_EGP0036G03_Fiji,BQ,VL,103.3733749,0.065663519,0,2,3,widespread pacific native
solenopsis_papuana,Solenopsis.papuana_EGP0036G03_Fiji,BQ,GA,131.7881951,0.008043306,0,2,3,widespread pacific native
solenopsis_papuana,Solenopsis.papuana_EGP0036G03_Fiji,GA,TA,140.4347395,0.080780815,0,2,3,widespread pacific native
solenopsis_papuana,Solenopsis.papuana_EGP0036G03_Fiji,GA,VN,145.527745,0.022120051,0,2,3,widespread pacific native
solenopsis_papuana,Solenopsis.papuana_EGP0036G03_Fiji,KV,VL,167.2932153,0.005692002,0,2,3,widespread pacific native
solenopsis_papuana,Solenopsis.papuana_EGP0036G03_Fiji,GA,KV,172.3602379,0.007530802,0,2,3,widespread pacific native
solenopsis_papuana,Solenopsis.papuana_EGP0036G03_Fiji,GA,VL,185.9805009,0.001790616,0,2,3,widespread pacific native
solenopsis_papuana,Solenopsis.papuana_EGP0036G03_Fiji,BQ,ML,188.6364063,0.014715184,0,2,3,widespread pacific native
solenopsis_papuana,Solenopsis.papuana_EGP0036G03_Fiji,ML,TA,192.8041072,0.045001343,0,2,3,widespread pacific native
solenopsis_papuana,Solenopsis.papuana_EGP0036G03_Fiji,KV,ML,194.9598723,0.002605445,0,2,3,widespread pacific native
solenopsis_papuana,Solenopsis.papuana_EGP0036G03_Fiji,ML,VN,209.4101602,0.087264448,0,2,3,widespread pacific native
solenopsis_papuana,Solenopsis.papuana_EGP0036G03_Fiji,VL,VN,247.8694809,0.098402058,0,2,3,widespread pacific native
solenopsis_papuana,Solenopsis.papuana_EGP0036G03_Fiji,BQ,VN,250.0353835,0.085236316,0,2,3,widespread pacific native
solenopsis_papuana,Solenopsis.papuana_EGP0036G03_Fiji,BQ,TA,255.7180798,0.058331723,0,2,3,widespread pacific native
solenopsis_papuana,Solenopsis.papuana_EGP0036G03_Fiji,TA,VL,264.1290919,0.001194315,0,2,3,widespread pacific native
solenopsis_papuana,Solenopsis.papuana_EGP0036G03_Fiji,ML,VL,268.7746371,0.047661587,0,2,3,widespread pacific native
solenopsis_papuana,Solenopsis.papuana_EGP0036G03_Fiji,KV,VN,308.1967596,0.029087645,0,2,3,widespread pacific native
solenopsis_papuana,Solenopsis.papuana_EGP0036G03_Fiji,KV,TA,309.2832211,0.094261023,0,2,3,widespread pacific native
strumigenys_basiliska,Strumigenys.basiliska_EGP0036G12_Fiji,GA,LA,57.82531466,0.0269,0,1,1,endemic
strumigenys_basiliska,Strumigenys.basiliska_EGP0036G12_Fiji,KR,VN,69.6053279,0.0311,0,1,1,endemic
strumigenys_basiliska,Strumigenys.basiliska_EGP0036G12_Fiji,KR,LA,75.54237517,0.0677,0,1,1,endemic
strumigenys_basiliska,Strumigenys.basiliska_EGP0036G12_Fiji,GA,KR,77.04730041,0.0695,0,1,1,endemic
strumigenys_basiliska,Strumigenys.basiliska_EGP0036G12_Fiji,GA,ML,94.81295151,0.0821,0,1,1,endemic
strumigenys_basiliska,Strumigenys.basiliska_EGP0036G12_Fiji,LA,VL,104.0341008,0.0903,0,1,1,endemic
strumigenys_basiliska,Strumigenys.basiliska_EGP0036G12_Fiji,GA,VL,136.1709539,0.0695,0,1,1,endemic
strumigenys_basiliska,Strumigenys.basiliska_EGP0036G12_Fiji,LA,VN,139.6618963,0.0821,0,1,1,endemic
strumigenys_basiliska,Strumigenys.basiliska_EGP0036G12_Fiji,GA,VN,145.7275718,0.0293,0,1,1,endemic
strumigenys_basiliska,Strumigenys.basiliska_EGP0036G12_Fiji,LA,ML,151.8479291,0.0862,0,1,1,endemic
strumigenys_basiliska,Strumigenys.basiliska_EGP0036G12_Fiji,KR,ML,153.1154361,0.12,0,1,1,endemic
strumigenys_basiliska,Strumigenys.basiliska_EGP0036G12_Fiji,KR,VL,179.5751476,0.1324,0,1,1,endemic
strumigenys_basiliska,Strumigenys.basiliska_EGP0036G12_Fiji,ML,VL,203.5765539,0.1345,0,1,1,endemic
strumigenys_basiliska,Strumigenys.basiliska_EGP0036G12_Fiji,ML,VN,209.4101602,0.1803,0,1,1,endemic
strumigenys_basiliska,Strumigenys.basiliska_EGP0036G12_Fiji,VL,VN,241.4895942,0.1971,0,1,1,endemic
strumigenys_chernovi,Strumigenys.chernovi_EGP0037D06_Fiji,GA,KR,78.37460718,0.1657,0,1,1,endemic
strumigenys_chernovi,Strumigenys.chernovi_EGP0037D06_Fiji,GA,VL,90.96639861,0.1364,0,1,1,endemic
strumigenys_chernovi,Strumigenys.chernovi_EGP0037D06_Fiji,KR,VL,134.3814881,0.0969,0,1,1,endemic
strumigenys_ekasura,Strumigenys.ekasura_EGP0061B04_Fiji,KR,VN,69.20018094,0.1286,0,1,1,endemic
strumigenys_ekasura,Strumigenys.ekasura_EGP0061B04_Fiji,GA,KR,76.69155628,0.1605,0,1,1,endemic
strumigenys_ekasura,Strumigenys.ekasura_EGP0061B04_Fiji,GA,VL,88.425478,0.1663,0,1,1,endemic
strumigenys_ekasura,Strumigenys.ekasura_EGP0061B04_Fiji,KR,VL,132.9478099,0.1838,0,1,1,endemic
strumigenys_ekasura,Strumigenys.ekasura_EGP0061B04_Fiji,GA,VN,144.9786832,0.1175,0,1,1,endemic
strumigenys_ekasura,Strumigenys.ekasura_EGP0061B04_Fiji,VL,VN,197.2549803,0.1826,0,1,1,endemic
strumigenys_godeffroyi,Strumigenys.godeffroyi_EGP0061D04_Fiji,BQ,KV,72.18386139,0,0,2,3,widespread pacific native
strumigenys_godeffroyi,Strumigenys.godeffroyi_EGP0061D04_Fiji,GA,KR,76.8731319,0,0,2,3,widespread pacific native
strumigenys_godeffroyi,Strumigenys.godeffroyi_EGP0061D04_Fiji,KR,VN,80.50141074,0.054,0,2,3,widespread pacific native
strumigenys_godeffroyi,Strumigenys.godeffroyi_EGP0061D04_Fiji,GA,ML,95.76068556,0,0,2,3,widespread pacific native
strumigenys_godeffroyi,Strumigenys.godeffroyi_EGP0061D04_Fiji,BQ,VL,104.0753368,0,0,2,3,widespread pacific native
strumigenys_godeffroyi,Strumigenys.godeffroyi_EGP0061D04_Fiji,BQ,GA,131.5775141,0.0125,0,2,3,widespread pacific native
strumigenys_godeffroyi,Strumigenys.godeffroyi_EGP0061D04_Fiji,GA,VN,146.9418131,0,0,2,3,widespread pacific native
strumigenys_godeffroyi,Strumigenys.godeffroyi_EGP0061D04_Fiji,KR,ML,153.9471146,0,0,2,3,widespread pacific native
strumigenys_godeffroyi,Strumigenys.godeffroyi_EGP0061D04_Fiji,KV,VL,167.6339714,0.02,0,2,3,widespread pacific native
strumigenys_godeffroyi,Strumigenys.godeffroyi_EGP0061D04_Fiji,GA,KV,172.5061041,0,0,2,3,widespread pacific native
strumigenys_godeffroyi,Strumigenys.godeffroyi_EGP0061D04_Fiji,BQ,KR,185.0284451,0,0,2,3,widespread pacific native
strumigenys_godeffroyi,Strumigenys.godeffroyi_EGP0061D04_Fiji,GA,VL,186.7494152,0.0273,0,2,3,widespread pacific native
strumigenys_godeffroyi,Strumigenys.godeffroyi_EGP0061D04_Fiji,BQ,ML,188.6364063,0.0552,0,2,3,widespread pacific native
strumigenys_godeffroyi,Strumigenys.godeffroyi_EGP0061D04_Fiji,VL,VN,191.3344112,0,0,2,3,widespread pacific native
strumigenys_godeffroyi,Strumigenys.godeffroyi_EGP0061D04_Fiji,KV,ML,194.9598723,0,0,2,3,widespread pacific native
strumigenys_godeffroyi,Strumigenys.godeffroyi_EGP0061D04_Fiji,KR,VL,202.3032416,0.0068,0,2,3,widespread pacific native
strumigenys_godeffroyi,Strumigenys.godeffroyi_EGP0061D04_Fiji,BQ,VN,215.8862508,0,0,2,3,widespread pacific native
strumigenys_godeffroyi,Strumigenys.godeffroyi_EGP0061D04_Fiji,ML,VN,233.3502422,0,0,2,3,widespread pacific native
strumigenys_godeffroyi,Strumigenys.godeffroyi_EGP0061D04_Fiji,KR,KV,239.9803895,0.03,0,2,3,widespread pacific native
strumigenys_godeffroyi,Strumigenys.godeffroyi_EGP0061D04_Fiji,ML,VL,270.0631522,0,0,2,3,widespread pacific native
strumigenys_godeffroyi,Strumigenys.godeffroyi_EGP0061D04_Fiji,KV,VN,282.6388903,0.0035,0,2,3,widespread pacific native
strumigenys_nidifex,Strumigenys.nidifex_EGP0062A08_Fiji,KR,VN,82.2702094,0.1235,0,1,1,endemic
strumigenys_nidifex,Strumigenys.nidifex_EGP0062A08_Fiji,KR,VL,155.4123929,0.1469,0,1,1,endemic
strumigenys_nidifex,Strumigenys.nidifex_EGP0062A08_Fiji,KV,VL,160.2724045,0.2177,0,1,1,endemic
strumigenys_nidifex,Strumigenys.nidifex_EGP0062A08_Fiji,VL,VN,187.0457214,0.261,0,1,1,endemic
strumigenys_nidifex,Strumigenys.nidifex_EGP0062A08_Fiji,KR,KV,251.6798543,0.2697,0,1,1,endemic
strumigenys_nidifex,Strumigenys.nidifex_EGP0062A08_Fiji,KV,VN,316.8217479,0.3232,0,1,1,endemic
strumigenys_rogeri,Strumigenys.rogeri_EGP0062E04_Fiji,TA,VN,37.44005438,0.04,0,3,4,Exotic
strumigenys_rogeri,Strumigenys.rogeri_EGP0062E04_Fiji,BQ,VL,52.21212129,0,0,3,4,Exotic
strumigenys_rogeri,Strumigenys.rogeri_EGP0062E04_Fiji,KR,VN,69.10469959,0,0,3,4,Exotic
strumigenys_rogeri,Strumigenys.rogeri_EGP0062E04_Fiji,KR,TA,74.62655883,0,0,3,4,Exotic
strumigenys_rogeri,Strumigenys.rogeri_EGP0062E04_Fiji,KR,VL,133.3262141,0,0,3,4,Exotic
strumigenys_rogeri,Strumigenys.rogeri_EGP0062E04_Fiji,BQ,KR,185.0284451,0.0251,0,3,4,Exotic
strumigenys_rogeri,Strumigenys.rogeri_EGP0062E04_Fiji,VL,VN,197.8262581,0.06,0,3,4,Exotic
strumigenys_rogeri,Strumigenys.rogeri_EGP0062E04_Fiji,TA,VL,207.8338623,0,0,3,4,Exotic
strumigenys_rogeri,Strumigenys.rogeri_EGP0062E04_Fiji,BQ,VN,250.0353835,0,0,3,4,Exotic
strumigenys_rogeri,Strumigenys.rogeri_EGP0062E04_Fiji,BQ,TA,259.2920294,0,0,3,4,Exotic
Strumigenys.sulcata,Strumigenys.sulcata_EGP0062G05_Fiji,VL1,VL2,50.55203337,0.2195,1,1,1,endemic
Strumigenys.sulcata,Strumigenys.sulcata_EGP0062G05_Fiji,KR,TA,80.19992865,0.2709,0,1,1,endemic
Strumigenys.sulcata,Strumigenys.sulcata_EGP0062G05_Fiji,KR,VL1,133.3348451,0.2734,0,1,1,endemic
Strumigenys.sulcata,Strumigenys.sulcata_EGP0062G05_Fiji,KR,VL2,150.9447023,0.3933,0,1,1,endemic
Strumigenys.sulcata,Strumigenys.sulcata_EGP0062G05_Fiji,TA,VL1,213.5152591,0.3965,0,1,1,endemic
Strumigenys.sulcata,Strumigenys.sulcata_EGP0062G05_Fiji,TA,VL2,227.6958364,0.4078,0,1,1,endemic
Strumigenys.trauma,Strumigenys.trauma_EGP0035F11_Fiji,VL1,VL2,41.1075321,0.1234,1,1,2,endemic
Strumigenys.trauma,Strumigenys.trauma_EGP0035F11_Fiji,GA,KR,76.23266074,0.0894,0,1,2,endemic
Strumigenys.trauma,Strumigenys.trauma_EGP0035F11_Fiji,KR,VN,81.34636905,0.12177,0,1,2,endemic
Strumigenys.trauma,Strumigenys.trauma_EGP0035F11_Fiji,KV,VL1,95.7378231,0.1642,0,1,2,endemic
Strumigenys.trauma,Strumigenys.trauma_EGP0035F11_Fiji,GA,VL2,106.9684138,0.1192,0,1,2,endemic
Strumigenys.trauma,Strumigenys.trauma_EGP0035F11_Fiji,KV,VL2,127.4988208,0.14907,0,1,2,endemic
Strumigenys.trauma,Strumigenys.trauma_EGP0035F11_Fiji,GA,VL1,135.9384496,0.0588,0,1,2,endemic
Strumigenys.trauma,Strumigenys.trauma_EGP0035F11_Fiji,KR,VL2,140.4132819,0.1326,0,1,2,endemic
Strumigenys.trauma,Strumigenys.trauma_EGP0035F11_Fiji,GA,VN,146.9418131,0.1264,0,1,2,endemic
Strumigenys.trauma,Strumigenys.trauma_EGP0035F11_Fiji,VL2,VN,160.756533,0.1138,0,1,2,endemic
Strumigenys.trauma,Strumigenys.trauma_EGP0035F11_Fiji,GA,KV,172.5061041,0.0855,0,1,2,endemic
Strumigenys.trauma,Strumigenys.trauma_EGP0035F11_Fiji,KR,VL1,179.5751476,0.10662,0,1,2,endemic
Strumigenys.trauma,Strumigenys.trauma_EGP0035F11_Fiji,VL1,VN,201.3355652,0.1086,0,1,2,endemic
Strumigenys.trauma,Strumigenys.trauma_EGP0035F11_Fiji,KR,KV,239.6163057,0.1569,0,1,2,endemic
Strumigenys.trauma,Strumigenys.trauma_EGP0035F11_Fiji,KV,VN,282.6388903,0.1326,0,1,2,endemic
tapinoma_melanocephalum,Tapinoma.melanocephalum_EGP0069D02_Fiji,MC,VL,61.89982065,0.051290916,0,3,4,Exotic
tapinoma_melanocephalum,Tapinoma.melanocephalum_EGP0069D02_Fiji,TA,VN,67.04195801,0.034137041,0,3,4,Exotic
tapinoma_melanocephalum,Tapinoma.melanocephalum_EGP0069D02_Fiji,MC,YS,81.74435593,0.055935833,0,3,4,Exotic
tapinoma_melanocephalum,Tapinoma.melanocephalum_EGP0069D02_Fiji,VL,YS,90.55300585,0.041151488,0,3,4,Exotic
tapinoma_melanocephalum,Tapinoma.melanocephalum_EGP0069D02_Fiji,GA,TA,145.3386224,0.021279259,0,3,4,Exotic
tapinoma_melanocephalum,Tapinoma.melanocephalum_EGP0069D02_Fiji,GA,MC,148.9016977,0.057110028,0,3,4,Exotic
tapinoma_melanocephalum,Tapinoma.melanocephalum_EGP0069D02_Fiji,KV,VL,167.4072271,0.028048427,0,3,4,Exotic
tapinoma_melanocephalum,Tapinoma.melanocephalum_EGP0069D02_Fiji,GA,KV,172.0539116,0.046309695,0,3,4,Exotic
tapinoma_melanocephalum,Tapinoma.melanocephalum_EGP0069D02_Fiji,GA,VL,186.124783,0.001340946,0,3,4,Exotic
tapinoma_melanocephalum,Tapinoma.melanocephalum_EGP0069D02_Fiji,KV,MC,191.0331883,0.038343168,0,3,4,Exotic
tapinoma_melanocephalum,Tapinoma.melanocephalum_EGP0069D02_Fiji,GA,VN,200.456814,0.014937713,0,3,4,Exotic
tapinoma_melanocephalum,Tapinoma.melanocephalum_EGP0069D02_Fiji,MC,TA,212.7227166,0.063201481,0,3,4,Exotic
tapinoma_melanocephalum,Tapinoma.melanocephalum_EGP0069D02_Fiji,MC,VN,227.4434889,0.054497977,0,3,4,Exotic
tapinoma_melanocephalum,Tapinoma.melanocephalum_EGP0069D02_Fiji,GA,YS,228.9043055,0.043709742,0,3,4,Exotic
tapinoma_melanocephalum,Tapinoma.melanocephalum_EGP0069D02_Fiji,KV,YS,255.7947168,0.098590999,0,3,4,Exotic
tapinoma_melanocephalum,Tapinoma.melanocephalum_EGP0069D02_Fiji,VN,YS,260.9734685,0.034524719,0,3,4,Exotic
tapinoma_melanocephalum,Tapinoma.melanocephalum_EGP0069D02_Fiji,TA,YS,265.469518,0.056832295,0,3,4,Exotic
tapinoma_melanocephalum,Tapinoma.melanocephalum_EGP0069D02_Fiji,TA,VL,271.9962904,0.021517437,0,3,4,Exotic
tapinoma_melanocephalum,Tapinoma.melanocephalum_EGP0069D02_Fiji,VL,VN,289.3165428,0.009341744,0,3,4,Exotic
tapinoma_melanocephalum,Tapinoma.melanocephalum_EGP0069D02_Fiji,KV,TA,314.7849263,0.00813566,0,3,4,Exotic
tapinoma_melanocephalum,Tapinoma.melanocephalum_EGP0069D02_Fiji,KV,VN,361.8263131,0.05836641,0,3,4,Exotic
tapinoma_minutum,Tapinoma.minutum_EGP0069G08_Fiji,VL,VN,327.8565233,0.013104341,0,2,3,widespread pacific native
technomyrmex_vitiensis-female,Technomyrmex.vitiensis_EGP0101G03_Fiji,TA,VN,103.5410407,0.00363353,0,2,3,widespread pacific native
technomyrmex_vitiensis-female,Technomyrmex.vitiensis_EGP0101G03_Fiji,KV,VL,167.9233342,0.000650041,0,2,3,widespread pacific native
technomyrmex_vitiensis-female,Technomyrmex.vitiensis_EGP0101G03_Fiji,VL,VN,191.5990978,0.023745806,0,2,3,widespread pacific native
technomyrmex_vitiensis-female,Technomyrmex.vitiensis_EGP0101G03_Fiji,ML,TA,192.1719306,0.030459497,0,2,3,widespread pacific native
technomyrmex_vitiensis-female,Technomyrmex.vitiensis_EGP0101G03_Fiji,KV,ML,193.8664257,0.020698005,0,2,3,widespread pacific native
technomyrmex_vitiensis-female,Technomyrmex.vitiensis_EGP0101G03_Fiji,ML,VN,230.9743166,0.00716029,0,2,3,widespread pacific native
technomyrmex_vitiensis-female,Technomyrmex.vitiensis_EGP0101G03_Fiji,ML,VL,268.2553987,0.039026909,0,2,3,widespread pacific native
technomyrmex_vitiensis-female,Technomyrmex.vitiensis_EGP0101G03_Fiji,TA,VL,273.5214276,0.092641709,0,2,3,widespread pacific native
technomyrmex_vitiensis-female,Technomyrmex.vitiensis_EGP0101G03_Fiji,KV,VN,282.6388903,0.033109666,0,2,3,widespread pacific native
technomyrmex_vitiensis-female,Technomyrmex.vitiensis_EGP0101G03_Fiji,KV,TA,314.7849263,0.024545154,0,2,3,widespread pacific native
technomyrmex_vitiensis-male,Technomyrmex.vitiensis_EGP0101G03_Fiji,GA,LK,58.72549729,0.004222526,0,2,3,widespread pacific native
technomyrmex_vitiensis-male,Technomyrmex.vitiensis_EGP0101G03_Fiji,KV,LK,117.7828854,0.00015835,0,2,3,widespread pacific native
technomyrmex_vitiensis-male,Technomyrmex.vitiensis_EGP0101G03_Fiji,LK,VL,145.837443,0.048170441,0,2,3,widespread pacific native
technomyrmex_vitiensis-male,Technomyrmex.vitiensis_EGP0101G03_Fiji,KV,VL,167.9233342,0.025348784,0,2,3,widespread pacific native
technomyrmex_vitiensis-male,Technomyrmex.vitiensis_EGP0101G03_Fiji,GA,KV,172.3602379,0.005573788,0,2,3,widespread pacific native
technomyrmex_vitiensis-male,Technomyrmex.vitiensis_EGP0101G03_Fiji,GA,VL,187.8434986,0.045971879,0,2,3,widespread pacific native
tetramorium_insolens,Tetramorium.insolens_EGP0064B06_Fiji,LK,VL,39.94528383,0.05535988,0,2,3,widespread pacific native
tetramorium_insolens,Tetramorium.insolens_EGP0064B06_Fiji,KV,VL,116.9419612,0.008838004,0,2,3,widespread pacific native
tetramorium_insolens,Tetramorium.insolens_EGP0064B06_Fiji,KV,LK,117.7828854,0.020404606,0,2,3,widespread pacific native
tetramorium_insolens,Tetramorium.insolens_EGP0064B06_Fiji,VL,VN,180.6500049,0.001710222,0,2,3,widespread pacific native
tetramorium_insolens,Tetramorium.insolens_EGP0064B06_Fiji,LK,VN,188.7716056,0.030394176,0,2,3,widespread pacific native
tetramorium_insolens,Tetramorium.insolens_EGP0064B06_Fiji,KV,VN,297.4933915,0.021287937,0,2,3,widespread pacific native
tetramorium_manni,Tetramorium.manni_EGP0064E11_Fiji,TA,VN,104.167551,0.290909055,0,1,2,endemic
tetramorium_manni,Tetramorium.manni_EGP0064E11_Fiji,VL,VN,165.2744502,0.365615468,0,1,2,endemic
tetramorium_manni,Tetramorium.manni_EGP0064E11_Fiji,TA,VL,211.9714966,0.252295089,0,1,2,endemic
tetramorium_pacificum,Tetramorium.pacificum_EGP0065G07_Fiji,GA,LA,56.44907631,0.024686538,0,2,3,widespread pacific native
tetramorium_pacificum,Tetramorium.pacificum_EGP0065G07_Fiji,LA,LK,58.51185988,0.08713347,0,2,3,widespread pacific native
tetramorium_pacificum,Tetramorium.pacificum_EGP0065G07_Fiji,GA,LK,58.59798703,0.08339378,0,2,3,widespread pacific native
tetramorium_pacificum,Tetramorium.pacificum_EGP0065G07_Fiji,BQ,LK,71.32844674,0.035674478,0,2,3,widespread pacific native
tetramorium_pacificum,Tetramorium.pacificum_EGP0065G07_Fiji,KR,LA,75.99520387,0.024742742,0,2,3,widespread pacific native
tetramorium_pacificum,Tetramorium.pacificum_EGP0065G07_Fiji,GA,KR,76.8731319,0.012794671,0,2,3,widespread pacific native
tetramorium_pacificum,Tetramorium.pacificum_EGP0065G07_Fiji,KR,TA,77.14492001,0.014429966,0,2,3,widespread pacific native
tetramorium_pacificum,Tetramorium.pacificum_EGP0065G07_Fiji,BQ,KV,80.4212925,0.029843928,0,2,3,widespread pacific native
tetramorium_pacificum,Tetramorium.pacificum_EGP0065G07_Fiji,KR,VN,80.50141074,0.085544649,0,2,3,widespread pacific native
tetramorium_pacificum,Tetramorium.pacificum_EGP0065G07_Fiji,GA,ML,93.25789286,0.081151083,0,2,3,widespread pacific native
tetramorium_pacificum,Tetramorium.pacificum_EGP0065G07_Fiji,BQ,VL,103.139769,0.079206422,0,2,3,widespread pacific native
tetramorium_pacificum,Tetramorium.pacificum_EGP0065G07_Fiji,TA,VN,103.5410407,0.034789251,0,2,3,widespread pacific native
tetramorium_pacificum,Tetramorium.pacificum_EGP0065G07_Fiji,BQ,LA,107.1507489,0.023556672,0,2,3,widespread pacific native
tetramorium_pacificum,Tetramorium.pacificum_EGP0065G07_Fiji,LA,VN,115.1369836,0.050267637,0,2,3,widespread pacific native
tetramorium_pacificum,Tetramorium.pacificum_EGP0065G07_Fiji,KR,LK,122.3323308,0.067630209,0,2,3,widespread pacific native
tetramorium_pacificum,Tetramorium.pacificum_EGP0065G07_Fiji,LK,ML,122.7523084,0.006299018,0,2,3,widespread pacific native
tetramorium_pacificum,Tetramorium.pacificum_EGP0065G07_Fiji,BQ,GA,129.2765675,0.055482193,0,2,3,widespread pacific native
tetramorium_pacificum,Tetramorium.pacificum_EGP0065G07_Fiji,KV,LK,129.6894537,0.030729602,0,2,3,widespread pacific native
tetramorium_pacificum,Tetramorium.pacificum_EGP0065G07_Fiji,LA,VL,136.4654382,0.010056304,0,2,3,widespread pacific native
tetramorium_pacificum,Tetramorium.pacificum_EGP0065G07_Fiji,GA,TA,144.6771646,0.039933554,0,2,3,widespread pacific native
tetramorium_pacificum,Tetramorium.pacificum_EGP0065G07_Fiji,LK,VL,145.392053,0.031761889,0,2,3,widespread pacific native
tetramorium_pacificum,Tetramorium.pacificum_EGP0065G07_Fiji,GA,VN,146.9418131,0.08451664,0,2,3,widespread pacific native
tetramorium_pacificum,Tetramorium.pacificum_EGP0065G07_Fiji,LA,ML,148.7605692,0.079911881,0,2,3,widespread pacific native
tetramorium_pacificum,Tetramorium.pacificum_EGP0065G07_Fiji,KR,ML,151.6335592,0.036731086,0,2,3,widespread pacific native
tetramorium_pacificum,Tetramorium.pacificum_EGP0065G07_Fiji,LA,TA,153.0795271,0.002120229,0,2,3,widespread pacific native
tetramorium_pacificum,Tetramorium.pacificum_EGP0065G07_Fiji,KV,VL,167.362297,0.006155629,0,2,3,widespread pacific native
tetramorium_pacificum,Tetramorium.pacificum_EGP0065G07_Fiji,LK,VN,173.4763367,0.072477146,0,2,3,widespread pacific native
tetramorium_pacificum,Tetramorium.pacificum_EGP0065G07_Fiji,KV,LA,180.455888,0.069800118,0,2,3,widespread pacific native
tetramorium_pacificum,Tetramorium.pacificum_EGP0065G07_Fiji,BQ,KR,182.3112457,0.020565933,0,2,3,widespread pacific native
tetramorium_pacificum,Tetramorium.pacificum_EGP0065G07_Fiji,GA,KV,185.3480202,0.054973929,0,2,3,widespread pacific native
tetramorium_pacificum,Tetramorium.pacificum_EGP0065G07_Fiji,BQ,ML,185.4975913,0.075615349,0,2,3,widespread pacific native
tetramorium_pacificum,Tetramorium.pacificum_EGP0065G07_Fiji,GA,VL,186.7494152,0.071857369,0,2,3,widespread pacific native
tetramorium_pacificum,Tetramorium.pacificum_EGP0065G07_Fiji,VL,VN,191.3344112,0.023753869,0,2,3,widespread pacific native
tetramorium_pacificum,Tetramorium.pacificum_EGP0065G07_Fiji,ML,TA,192.1719306,0.052981101,0,2,3,widespread pacific native
tetramorium_pacificum,Tetramorium.pacificum_EGP0065G07_Fiji,LK,TA,197.1138911,0.050340789,0,2,3,widespread pacific native
tetramorium_pacificum,Tetramorium.pacificum_EGP0065G07_Fiji,KR,VL,202.3032416,0.05628301,0,2,3,widespread pacific native
tetramorium_pacificum,Tetramorium.pacificum_EGP0065G07_Fiji,KV,ML,208.1384229,0.005832771,0,2,3,widespread pacific native
tetramorium_pacificum,Tetramorium.pacificum_EGP0065G07_Fiji,BQ,VN,213.1073027,0.058958304,0,2,3,widespread pacific native
tetramorium_pacificum,Tetramorium.pacificum_EGP0065G07_Fiji,ML,VN,230.9743166,0.071370127,0,2,3,widespread pacific native
tetramorium_pacificum,Tetramorium.pacificum_EGP0065G07_Fiji,KR,KV,251.4832685,0.008122481,0,2,3,widespread pacific native
tetramorium_pacificum,Tetramorium.pacificum_EGP0065G07_Fiji,BQ,TA,259.3674643,0.022465804,0,2,3,widespread pacific native
tetramorium_pacificum,Tetramorium.pacificum_EGP0065G07_Fiji,ML,VL,267.8082069,0.023049643,0,2,3,widespread pacific native
tetramorium_pacificum,Tetramorium.pacificum_EGP0065G07_Fiji,TA,VL,273.1676683,0.044317456,0,2,3,widespread pacific native
tetramorium_pacificum,Tetramorium.pacificum_EGP0065G07_Fiji,KV,VN,291.5711275,0.05555017,0,2,3,widespread pacific native
tetramorium_pacificum,Tetramorium.pacificum_EGP0065G07_Fiji,KV,TA,326.8003826,0.011487128,0,2,3,widespread pacific native
tetramorium_simillimum,Tetramorium.simillimum_EGP0066G11_Fiji,KR,VL,198.343758,0.009075981,0,3,4,Exotic
tetramorium_tonganum,Tetramorium.tonganum_EGP0067D04_Fiji,GA,VN,131.5092868,0.000500719,0,2,3,widespread pacific native
tetramorium_tonganum,Tetramorium.tonganum_EGP0067D04_Fiji,VL,VN,179.1730758,0.019483331,0,2,3,widespread pacific native
tetramorium_tonganum,Tetramorium.tonganum_EGP0067D04_Fiji,GA,VL,185.3286475,0.008680493,0,2,3,widespread pacific native